2026-07-02 23:02:22,979 [INFO] Session created | Account: CFD | AccountId: 323164136898826564 | Currency: AED | Mode: LIVE
2026-07-02 23:02:23,188 [INFO] ============================================================
2026-07-02 23:02:23,188 [INFO]   GER40 12:00 PM IST Runner — STARTED
2026-07-02 23:02:23,188 [INFO]   Account: CFD | Currency: AED | Mode: LIVE
2026-07-02 23:02:23,188 [INFO]   Balance: AED 4,015.32
2026-07-02 23:02:23,188 [INFO] ============================================================
2026-07-02 23:02:23,191 [INFO]   [WAIT] Waiting for 12:00 PM IST candle to close | Now=00:32 IST | Candle closes 07:00 UTC
2026-07-02 23:02:53,197 [INFO]   [WAIT] Waiting for 12:00 PM IST candle to close | Now=00:32 IST | Candle closes 07:00 UTC
2026-07-02 23:03:23,203 [INFO]   [WAIT] Waiting for 12:00 PM IST candle to close | Now=00:33 IST | Candle closes 07:00 UTC
2026-07-02 23:03:53,209 [INFO]   [WAIT] Waiting for 12:00 PM IST candle to close | Now=00:33 IST | Candle closes 07:00 UTC
2026-07-02 23:04:23,211 [INFO]   [WAIT] Waiting for 12:00 PM IST candle to close | Now=00:34 IST | Candle closes 07:00 UTC
2026-07-02 23:04:53,217 [INFO]   [WAIT] Waiting for 12:00 PM IST candle to close | Now=00:34 IST | Candle closes 07:00 UTC
2026-07-02 23:05:23,223 [INFO]   [WAIT] Waiting for 12:00 PM IST candle to close | Now=00:35 IST | Candle closes 07:00 UTC
2026-07-02 23:05:53,229 [INFO]   [WAIT] Waiting for 12:00 PM IST candle to close | Now=00:35 IST | Candle closes 07:00 UTC
2026-07-02 23:06:23,235 [INFO]   [WAIT] Waiting for 12:00 PM IST candle to close | Now=00:36 IST | Candle closes 07:00 UTC
2026-07-02 23:06:53,240 [INFO]   [WAIT] Waiting for 12:00 PM IST candle to close | Now=00:36 IST | Candle closes 07:00 UTC
2026-07-02 23:07:23,243 [INFO]   [WAIT] Waiting for 12:00 PM IST candle to close | Now=00:37 IST | Candle closes 07:00 UTC
2026-07-02 23:07:53,254 [INFO]   [WAIT] Waiting for 12:00 PM IST candle to close | Now=00:37 IST | Candle closes 07:00 UTC
2026-07-02 23:08:23,265 [INFO]   [WAIT] Waiting for 12:00 PM IST candle to close | Now=00:38 IST | Candle closes 07:00 UTC
2026-07-02 23:08:53,276 [INFO]   [WAIT] Waiting for 12:00 PM IST candle to close | Now=00:38 IST | Candle closes 07:00 UTC
2026-07-02 23:09:23,278 [INFO]   [WAIT] Waiting for 12:00 PM IST candle to close | Now=00:39 IST | Candle closes 07:00 UTC
2026-07-02 23:09:53,289 [INFO]   [WAIT] Waiting for 12:00 PM IST candle to close | Now=00:39 IST | Candle closes 07:00 UTC
2026-07-02 23:10:23,300 [INFO]   [WAIT] Waiting for 12:00 PM IST candle to close | Now=00:40 IST | Candle closes 07:00 UTC
2026-07-02 23:10:53,311 [INFO]   [WAIT] Waiting for 12:00 PM IST candle to close | Now=00:40 IST | Candle closes 07:00 UTC
2026-07-02 23:11:23,318 [INFO]   [WAIT] Waiting for 12:00 PM IST candle to close | Now=00:41 IST | Candle closes 07:00 UTC
2026-07-02 23:11:53,330 [INFO]   [WAIT] Waiting for 12:00 PM IST candle to close | Now=00:41 IST | Candle closes 07:00 UTC
2026-07-02 23:12:23,333 [INFO]   [WAIT] Waiting for 12:00 PM IST candle to close | Now=00:42 IST | Candle closes 07:00 UTC
2026-07-02 23:12:53,344 [INFO]   [WAIT] Waiting for 12:00 PM IST candle to close | Now=00:42 IST | Candle closes 07:00 UTC
2026-07-02 23:13:23,355 [INFO]   [WAIT] Waiting for 12:00 PM IST candle to close | Now=00:43 IST | Candle closes 07:00 UTC
2026-07-02 23:13:53,366 [INFO]   [WAIT] Waiting for 12:00 PM IST candle to close | Now=00:43 IST | Candle closes 07:00 UTC
2026-07-02 23:14:23,377 [INFO]   [WAIT] Waiting for 12:00 PM IST candle to close | Now=00:44 IST | Candle closes 07:00 UTC
2026-07-02 23:14:53,387 [INFO]   [WAIT] Waiting for 12:00 PM IST candle to close | Now=00:44 IST | Candle closes 07:00 UTC
2026-07-02 23:15:23,398 [INFO]   [WAIT] Waiting for 12:00 PM IST candle to close | Now=00:45 IST | Candle closes 07:00 UTC
2026-07-02 23:15:53,400 [INFO]   [WAIT] Waiting for 12:00 PM IST candle to close | Now=00:45 IST | Candle closes 07:00 UTC
2026-07-02 23:16:23,406 [INFO]   [WAIT] Waiting for 12:00 PM IST candle to close | Now=00:46 IST | Candle closes 07:00 UTC
2026-07-02 23:16:53,410 [INFO]   [WAIT] Waiting for 12:00 PM IST candle to close | Now=00:46 IST | Candle closes 07:00 UTC
2026-07-02 23:32:49,395 [INFO]   [WAIT] Waiting for 12:00 PM IST candle to close | Now=01:02 IST | Candle closes 07:00 UTC
2026-07-02 23:48:49,704 [INFO]   [WAIT] Waiting for 12:00 PM IST candle to close | Now=01:18 IST | Candle closes 07:00 UTC
2026-07-03 00:04:40,743 [INFO]   [WAIT] Waiting for 12:00 PM IST candle to close | Now=01:34 IST | Candle closes 07:00 UTC
2026-07-03 00:20:37,506 [INFO]   [WAIT] Waiting for 12:00 PM IST candle to close | Now=01:50 IST | Candle closes 07:00 UTC
2026-07-03 00:36:34,183 [INFO]   [WAIT] Waiting for 12:00 PM IST candle to close | Now=02:06 IST | Candle closes 07:00 UTC
2026-07-03 00:52:30,714 [INFO]   [WAIT] Waiting for 12:00 PM IST candle to close | Now=02:22 IST | Candle closes 07:00 UTC
2026-07-03 00:53:01,355 [INFO]   [WAIT] Waiting for 12:00 PM IST candle to close | Now=02:23 IST | Candle closes 07:00 UTC
2026-07-03 01:05:47,260 [INFO]   [WAIT] Waiting for 12:00 PM IST candle to close | Now=02:35 IST | Candle closes 07:00 UTC
2026-07-03 01:06:17,266 [INFO]   [WAIT] Waiting for 12:00 PM IST candle to close | Now=02:36 IST | Candle closes 07:00 UTC
2026-07-03 01:06:47,272 [INFO]   [WAIT] Waiting for 12:00 PM IST candle to close | Now=02:36 IST | Candle closes 07:00 UTC
2026-07-03 01:07:17,278 [INFO]   [WAIT] Waiting for 12:00 PM IST candle to close | Now=02:37 IST | Candle closes 07:00 UTC
2026-07-03 01:07:47,283 [INFO]   [WAIT] Waiting for 12:00 PM IST candle to close | Now=02:37 IST | Candle closes 07:00 UTC
2026-07-03 01:08:17,293 [INFO]   [WAIT] Waiting for 12:00 PM IST candle to close | Now=02:38 IST | Candle closes 07:00 UTC
2026-07-03 01:08:47,301 [INFO]   [WAIT] Waiting for 12:00 PM IST candle to close | Now=02:38 IST | Candle closes 07:00 UTC
2026-07-03 01:09:17,312 [INFO]   [WAIT] Waiting for 12:00 PM IST candle to close | Now=02:39 IST | Candle closes 07:00 UTC
2026-07-03 01:09:47,319 [INFO]   [WAIT] Waiting for 12:00 PM IST candle to close | Now=02:39 IST | Candle closes 07:00 UTC
2026-07-03 01:10:17,321 [INFO]   [WAIT] Waiting for 12:00 PM IST candle to close | Now=02:40 IST | Candle closes 07:00 UTC
2026-07-03 01:10:47,332 [INFO]   [WAIT] Waiting for 12:00 PM IST candle to close | Now=02:40 IST | Candle closes 07:00 UTC
2026-07-03 01:11:17,340 [INFO]   [WAIT] Waiting for 12:00 PM IST candle to close | Now=02:41 IST | Candle closes 07:00 UTC
2026-07-03 01:11:47,351 [INFO]   [WAIT] Waiting for 12:00 PM IST candle to close | Now=02:41 IST | Candle closes 07:00 UTC
2026-07-03 01:12:17,362 [INFO]   [WAIT] Waiting for 12:00 PM IST candle to close | Now=02:42 IST | Candle closes 07:00 UTC
2026-07-03 01:12:47,373 [INFO]   [WAIT] Waiting for 12:00 PM IST candle to close | Now=02:42 IST | Candle closes 07:00 UTC
2026-07-03 01:13:17,384 [INFO]   [WAIT] Waiting for 12:00 PM IST candle to close | Now=02:43 IST | Candle closes 07:00 UTC
2026-07-03 01:13:47,388 [INFO]   [WAIT] Waiting for 12:00 PM IST candle to close | Now=02:43 IST | Candle closes 07:00 UTC
2026-07-03 01:14:17,391 [INFO]   [WAIT] Waiting for 12:00 PM IST candle to close | Now=02:44 IST | Candle closes 07:00 UTC
2026-07-03 01:14:47,402 [INFO]   [WAIT] Waiting for 12:00 PM IST candle to close | Now=02:44 IST | Candle closes 07:00 UTC
2026-07-03 01:15:17,413 [INFO]   [WAIT] Waiting for 12:00 PM IST candle to close | Now=02:45 IST | Candle closes 07:00 UTC
2026-07-03 01:15:47,424 [INFO]   [WAIT] Waiting for 12:00 PM IST candle to close | Now=02:45 IST | Candle closes 07:00 UTC
2026-07-03 01:16:17,435 [INFO]   [WAIT] Waiting for 12:00 PM IST candle to close | Now=02:46 IST | Candle closes 07:00 UTC
2026-07-03 01:16:47,441 [INFO]   [WAIT] Waiting for 12:00 PM IST candle to close | Now=02:46 IST | Candle closes 07:00 UTC
2026-07-03 01:17:17,450 [INFO]   [WAIT] Waiting for 12:00 PM IST candle to close | Now=02:47 IST | Candle closes 07:00 UTC
2026-07-03 01:17:47,453 [INFO]   [WAIT] Waiting for 12:00 PM IST candle to close | Now=02:47 IST | Candle closes 07:00 UTC
2026-07-03 01:18:17,464 [INFO]   [WAIT] Waiting for 12:00 PM IST candle to close | Now=02:48 IST | Candle closes 07:00 UTC
2026-07-03 01:18:47,475 [INFO]   [WAIT] Waiting for 12:00 PM IST candle to close | Now=02:48 IST | Candle closes 07:00 UTC
2026-07-03 01:19:17,478 [INFO]   [WAIT] Waiting for 12:00 PM IST candle to close | Now=02:49 IST | Candle closes 07:00 UTC
2026-07-03 01:19:47,489 [INFO]   [WAIT] Waiting for 12:00 PM IST candle to close | Now=02:49 IST | Candle closes 07:00 UTC
2026-07-03 01:20:17,500 [INFO]   [WAIT] Waiting for 12:00 PM IST candle to close | Now=02:50 IST | Candle closes 07:00 UTC
2026-07-03 01:20:47,510 [INFO]   [WAIT] Waiting for 12:00 PM IST candle to close | Now=02:50 IST | Candle closes 07:00 UTC
2026-07-03 01:21:17,521 [INFO]   [WAIT] Waiting for 12:00 PM IST candle to close | Now=02:51 IST | Candle closes 07:00 UTC
2026-07-03 01:21:47,529 [INFO]   [WAIT] Waiting for 12:00 PM IST candle to close | Now=02:51 IST | Candle closes 07:00 UTC
2026-07-03 01:22:17,539 [INFO]   [WAIT] Waiting for 12:00 PM IST candle to close | Now=02:52 IST | Candle closes 07:00 UTC
2026-07-03 01:22:47,545 [INFO]   [WAIT] Waiting for 12:00 PM IST candle to close | Now=02:52 IST | Candle closes 07:00 UTC
2026-07-03 01:23:17,556 [INFO]   [WAIT] Waiting for 12:00 PM IST candle to close | Now=02:53 IST | Candle closes 07:00 UTC
2026-07-03 01:23:47,566 [INFO]   [WAIT] Waiting for 12:00 PM IST candle to close | Now=02:53 IST | Candle closes 07:00 UTC
2026-07-03 01:24:17,570 [INFO]   [WAIT] Waiting for 12:00 PM IST candle to close | Now=02:54 IST | Candle closes 07:00 UTC
2026-07-03 01:24:47,577 [INFO]   [WAIT] Waiting for 12:00 PM IST candle to close | Now=02:54 IST | Candle closes 07:00 UTC
2026-07-03 01:25:17,587 [INFO]   [WAIT] Waiting for 12:00 PM IST candle to close | Now=02:55 IST | Candle closes 07:00 UTC
2026-07-03 01:25:47,598 [INFO]   [WAIT] Waiting for 12:00 PM IST candle to close | Now=02:55 IST | Candle closes 07:00 UTC
2026-07-03 01:26:17,609 [INFO]   [WAIT] Waiting for 12:00 PM IST candle to close | Now=02:56 IST | Candle closes 07:00 UTC
2026-07-03 01:26:47,620 [INFO]   [WAIT] Waiting for 12:00 PM IST candle to close | Now=02:56 IST | Candle closes 07:00 UTC
2026-07-03 01:27:17,623 [INFO]   [WAIT] Waiting for 12:00 PM IST candle to close | Now=02:57 IST | Candle closes 07:00 UTC
2026-07-03 01:27:47,634 [INFO]   [WAIT] Waiting for 12:00 PM IST candle to close | Now=02:57 IST | Candle closes 07:00 UTC
2026-07-03 01:28:17,637 [INFO]   [WAIT] Waiting for 12:00 PM IST candle to close | Now=02:58 IST | Candle closes 07:00 UTC
2026-07-03 01:28:47,647 [INFO]   [WAIT] Waiting for 12:00 PM IST candle to close | Now=02:58 IST | Candle closes 07:00 UTC
2026-07-03 01:29:17,658 [INFO]   [WAIT] Waiting for 12:00 PM IST candle to close | Now=02:59 IST | Candle closes 07:00 UTC
2026-07-03 01:29:47,666 [INFO]   [WAIT] Waiting for 12:00 PM IST candle to close | Now=02:59 IST | Candle closes 07:00 UTC
2026-07-03 01:30:17,667 [INFO]   [WAIT] Waiting for 12:00 PM IST candle to close | Now=03:00 IST | Candle closes 07:00 UTC
2026-07-03 01:30:47,669 [INFO]   [WAIT] Waiting for 12:00 PM IST candle to close | Now=03:00 IST | Candle closes 07:00 UTC
2026-07-03 01:31:17,678 [INFO]   [WAIT] Waiting for 12:00 PM IST candle to close | Now=03:01 IST | Candle closes 07:00 UTC
2026-07-03 01:31:47,686 [INFO]   [WAIT] Waiting for 12:00 PM IST candle to close | Now=03:01 IST | Candle closes 07:00 UTC
2026-07-03 01:32:17,691 [INFO]   [WAIT] Waiting for 12:00 PM IST candle to close | Now=03:02 IST | Candle closes 07:00 UTC
2026-07-03 01:32:47,697 [INFO]   [WAIT] Waiting for 12:00 PM IST candle to close | Now=03:02 IST | Candle closes 07:00 UTC
2026-07-03 01:33:17,705 [INFO]   [WAIT] Waiting for 12:00 PM IST candle to close | Now=03:03 IST | Candle closes 07:00 UTC
2026-07-03 01:33:47,716 [INFO]   [WAIT] Waiting for 12:00 PM IST candle to close | Now=03:03 IST | Candle closes 07:00 UTC
2026-07-03 01:34:17,727 [INFO]   [WAIT] Waiting for 12:00 PM IST candle to close | Now=03:04 IST | Candle closes 07:00 UTC
2026-07-03 01:34:47,732 [INFO]   [WAIT] Waiting for 12:00 PM IST candle to close | Now=03:04 IST | Candle closes 07:00 UTC
2026-07-03 01:35:17,735 [INFO]   [WAIT] Waiting for 12:00 PM IST candle to close | Now=03:05 IST | Candle closes 07:00 UTC
2026-07-03 01:35:47,743 [INFO]   [WAIT] Waiting for 12:00 PM IST candle to close | Now=03:05 IST | Candle closes 07:00 UTC
2026-07-03 01:36:17,746 [INFO]   [WAIT] Waiting for 12:00 PM IST candle to close | Now=03:06 IST | Candle closes 07:00 UTC
2026-07-03 01:36:47,756 [INFO]   [WAIT] Waiting for 12:00 PM IST candle to close | Now=03:06 IST | Candle closes 07:00 UTC
2026-07-03 01:37:17,759 [INFO]   [WAIT] Waiting for 12:00 PM IST candle to close | Now=03:07 IST | Candle closes 07:00 UTC
2026-07-03 01:37:47,770 [INFO]   [WAIT] Waiting for 12:00 PM IST candle to close | Now=03:07 IST | Candle closes 07:00 UTC
2026-07-03 01:38:17,780 [INFO]   [WAIT] Waiting for 12:00 PM IST candle to close | Now=03:08 IST | Candle closes 07:00 UTC
2026-07-03 01:38:47,791 [INFO]   [WAIT] Waiting for 12:00 PM IST candle to close | Now=03:08 IST | Candle closes 07:00 UTC
2026-07-03 01:39:17,802 [INFO]   [WAIT] Waiting for 12:00 PM IST candle to close | Now=03:09 IST | Candle closes 07:00 UTC
2026-07-03 01:39:47,803 [INFO]   [WAIT] Waiting for 12:00 PM IST candle to close | Now=03:09 IST | Candle closes 07:00 UTC
2026-07-03 01:40:17,813 [INFO]   [WAIT] Waiting for 12:00 PM IST candle to close | Now=03:10 IST | Candle closes 07:00 UTC
2026-07-03 01:40:47,821 [INFO]   [WAIT] Waiting for 12:00 PM IST candle to close | Now=03:10 IST | Candle closes 07:00 UTC
2026-07-03 01:41:17,823 [INFO]   [WAIT] Waiting for 12:00 PM IST candle to close | Now=03:11 IST | Candle closes 07:00 UTC
2026-07-03 01:41:47,831 [INFO]   [WAIT] Waiting for 12:00 PM IST candle to close | Now=03:11 IST | Candle closes 07:00 UTC
2026-07-03 01:42:17,835 [INFO]   [WAIT] Waiting for 12:00 PM IST candle to close | Now=03:12 IST | Candle closes 07:00 UTC
2026-07-03 01:42:47,846 [INFO]   [WAIT] Waiting for 12:00 PM IST candle to close | Now=03:12 IST | Candle closes 07:00 UTC
2026-07-03 01:43:17,856 [INFO]   [WAIT] Waiting for 12:00 PM IST candle to close | Now=03:13 IST | Candle closes 07:00 UTC
2026-07-03 01:43:47,859 [INFO]   [WAIT] Waiting for 12:00 PM IST candle to close | Now=03:13 IST | Candle closes 07:00 UTC
2026-07-03 01:44:17,865 [INFO]   [WAIT] Waiting for 12:00 PM IST candle to close | Now=03:14 IST | Candle closes 07:00 UTC
2026-07-03 01:44:47,877 [INFO]   [WAIT] Waiting for 12:00 PM IST candle to close | Now=03:14 IST | Candle closes 07:00 UTC
2026-07-03 01:45:17,879 [INFO]   [WAIT] Waiting for 12:00 PM IST candle to close | Now=03:15 IST | Candle closes 07:00 UTC
2026-07-03 01:45:47,890 [INFO]   [WAIT] Waiting for 12:00 PM IST candle to close | Now=03:15 IST | Candle closes 07:00 UTC
2026-07-03 01:46:17,896 [INFO]   [WAIT] Waiting for 12:00 PM IST candle to close | Now=03:16 IST | Candle closes 07:00 UTC
2026-07-03 01:46:47,907 [INFO]   [WAIT] Waiting for 12:00 PM IST candle to close | Now=03:16 IST | Candle closes 07:00 UTC
2026-07-03 01:47:17,918 [INFO]   [WAIT] Waiting for 12:00 PM IST candle to close | Now=03:17 IST | Candle closes 07:00 UTC
2026-07-03 01:47:47,929 [INFO]   [WAIT] Waiting for 12:00 PM IST candle to close | Now=03:17 IST | Candle closes 07:00 UTC
2026-07-03 01:48:17,940 [INFO]   [WAIT] Waiting for 12:00 PM IST candle to close | Now=03:18 IST | Candle closes 07:00 UTC
2026-07-03 01:48:47,951 [INFO]   [WAIT] Waiting for 12:00 PM IST candle to close | Now=03:18 IST | Candle closes 07:00 UTC
2026-07-03 01:49:17,962 [INFO]   [WAIT] Waiting for 12:00 PM IST candle to close | Now=03:19 IST | Candle closes 07:00 UTC
2026-07-03 01:49:47,972 [INFO]   [WAIT] Waiting for 12:00 PM IST candle to close | Now=03:19 IST | Candle closes 07:00 UTC
2026-07-03 01:50:17,983 [INFO]   [WAIT] Waiting for 12:00 PM IST candle to close | Now=03:20 IST | Candle closes 07:00 UTC
2026-07-03 01:50:47,993 [INFO]   [WAIT] Waiting for 12:00 PM IST candle to close | Now=03:20 IST | Candle closes 07:00 UTC
2026-07-03 01:51:18,004 [INFO]   [WAIT] Waiting for 12:00 PM IST candle to close | Now=03:21 IST | Candle closes 07:00 UTC
2026-07-03 01:51:48,007 [INFO]   [WAIT] Waiting for 12:00 PM IST candle to close | Now=03:21 IST | Candle closes 07:00 UTC
2026-07-03 01:52:18,018 [INFO]   [WAIT] Waiting for 12:00 PM IST candle to close | Now=03:22 IST | Candle closes 07:00 UTC
2026-07-03 01:52:48,029 [INFO]   [WAIT] Waiting for 12:00 PM IST candle to close | Now=03:22 IST | Candle closes 07:00 UTC
2026-07-03 01:53:18,040 [INFO]   [WAIT] Waiting for 12:00 PM IST candle to close | Now=03:23 IST | Candle closes 07:00 UTC
2026-07-03 01:53:48,050 [INFO]   [WAIT] Waiting for 12:00 PM IST candle to close | Now=03:23 IST | Candle closes 07:00 UTC
2026-07-03 01:54:18,061 [INFO]   [WAIT] Waiting for 12:00 PM IST candle to close | Now=03:24 IST | Candle closes 07:00 UTC
2026-07-03 01:54:48,072 [INFO]   [WAIT] Waiting for 12:00 PM IST candle to close | Now=03:24 IST | Candle closes 07:00 UTC
2026-07-03 01:55:18,081 [INFO]   [WAIT] Waiting for 12:00 PM IST candle to close | Now=03:25 IST | Candle closes 07:00 UTC
2026-07-03 01:55:48,092 [INFO]   [WAIT] Waiting for 12:00 PM IST candle to close | Now=03:25 IST | Candle closes 07:00 UTC
2026-07-03 01:56:18,103 [INFO]   [WAIT] Waiting for 12:00 PM IST candle to close | Now=03:26 IST | Candle closes 07:00 UTC
2026-07-03 01:56:48,114 [INFO]   [WAIT] Waiting for 12:00 PM IST candle to close | Now=03:26 IST | Candle closes 07:00 UTC
2026-07-03 01:57:18,125 [INFO]   [WAIT] Waiting for 12:00 PM IST candle to close | Now=03:27 IST | Candle closes 07:00 UTC
2026-07-03 01:57:48,127 [INFO]   [WAIT] Waiting for 12:00 PM IST candle to close | Now=03:27 IST | Candle closes 07:00 UTC
2026-07-03 01:58:18,138 [INFO]   [WAIT] Waiting for 12:00 PM IST candle to close | Now=03:28 IST | Candle closes 07:00 UTC
2026-07-03 01:58:48,148 [INFO]   [WAIT] Waiting for 12:00 PM IST candle to close | Now=03:28 IST | Candle closes 07:00 UTC
2026-07-03 01:59:18,157 [INFO]   [WAIT] Waiting for 12:00 PM IST candle to close | Now=03:29 IST | Candle closes 07:00 UTC
2026-07-03 01:59:48,160 [INFO]   [WAIT] Waiting for 12:00 PM IST candle to close | Now=03:29 IST | Candle closes 07:00 UTC
2026-07-03 02:00:18,171 [INFO]   [WAIT] Waiting for 12:00 PM IST candle to close | Now=03:30 IST | Candle closes 07:00 UTC
2026-07-03 02:00:48,176 [INFO]   [WAIT] Waiting for 12:00 PM IST candle to close | Now=03:30 IST | Candle closes 07:00 UTC
2026-07-03 02:01:18,187 [INFO]   [WAIT] Waiting for 12:00 PM IST candle to close | Now=03:31 IST | Candle closes 07:00 UTC
2026-07-03 02:01:48,197 [INFO]   [WAIT] Waiting for 12:00 PM IST candle to close | Now=03:31 IST | Candle closes 07:00 UTC
2026-07-03 02:02:18,208 [INFO]   [WAIT] Waiting for 12:00 PM IST candle to close | Now=03:32 IST | Candle closes 07:00 UTC
2026-07-03 02:02:48,219 [INFO]   [WAIT] Waiting for 12:00 PM IST candle to close | Now=03:32 IST | Candle closes 07:00 UTC
2026-07-03 02:03:18,228 [INFO]   [WAIT] Waiting for 12:00 PM IST candle to close | Now=03:33 IST | Candle closes 07:00 UTC
2026-07-03 02:03:48,238 [INFO]   [WAIT] Waiting for 12:00 PM IST candle to close | Now=03:33 IST | Candle closes 07:00 UTC
2026-07-03 02:04:18,249 [INFO]   [WAIT] Waiting for 12:00 PM IST candle to close | Now=03:34 IST | Candle closes 07:00 UTC
2026-07-03 02:04:48,258 [INFO]   [WAIT] Waiting for 12:00 PM IST candle to close | Now=03:34 IST | Candle closes 07:00 UTC
2026-07-03 02:05:18,266 [INFO]   [WAIT] Waiting for 12:00 PM IST candle to close | Now=03:35 IST | Candle closes 07:00 UTC
2026-07-03 02:05:48,277 [INFO]   [WAIT] Waiting for 12:00 PM IST candle to close | Now=03:35 IST | Candle closes 07:00 UTC
2026-07-03 02:06:18,288 [INFO]   [WAIT] Waiting for 12:00 PM IST candle to close | Now=03:36 IST | Candle closes 07:00 UTC
2026-07-03 02:06:48,293 [INFO]   [WAIT] Waiting for 12:00 PM IST candle to close | Now=03:36 IST | Candle closes 07:00 UTC
2026-07-03 02:07:18,304 [INFO]   [WAIT] Waiting for 12:00 PM IST candle to close | Now=03:37 IST | Candle closes 07:00 UTC
2026-07-03 02:07:48,311 [INFO]   [WAIT] Waiting for 12:00 PM IST candle to close | Now=03:37 IST | Candle closes 07:00 UTC
2026-07-03 02:08:18,322 [INFO]   [WAIT] Waiting for 12:00 PM IST candle to close | Now=03:38 IST | Candle closes 07:00 UTC
2026-07-03 02:08:48,333 [INFO]   [WAIT] Waiting for 12:00 PM IST candle to close | Now=03:38 IST | Candle closes 07:00 UTC
2026-07-03 02:09:18,344 [INFO]   [WAIT] Waiting for 12:00 PM IST candle to close | Now=03:39 IST | Candle closes 07:00 UTC
2026-07-03 02:09:48,353 [INFO]   [WAIT] Waiting for 12:00 PM IST candle to close | Now=03:39 IST | Candle closes 07:00 UTC
2026-07-03 02:10:18,362 [INFO]   [WAIT] Waiting for 12:00 PM IST candle to close | Now=03:40 IST | Candle closes 07:00 UTC
2026-07-03 02:10:48,372 [INFO]   [WAIT] Waiting for 12:00 PM IST candle to close | Now=03:40 IST | Candle closes 07:00 UTC
2026-07-03 02:11:18,383 [INFO]   [WAIT] Waiting for 12:00 PM IST candle to close | Now=03:41 IST | Candle closes 07:00 UTC
2026-07-03 02:11:48,394 [INFO]   [WAIT] Waiting for 12:00 PM IST candle to close | Now=03:41 IST | Candle closes 07:00 UTC
2026-07-03 02:12:18,396 [INFO]   [WAIT] Waiting for 12:00 PM IST candle to close | Now=03:42 IST | Candle closes 07:00 UTC
2026-07-03 02:12:48,407 [INFO]   [WAIT] Waiting for 12:00 PM IST candle to close | Now=03:42 IST | Candle closes 07:00 UTC
2026-07-03 02:13:18,412 [INFO]   [WAIT] Waiting for 12:00 PM IST candle to close | Now=03:43 IST | Candle closes 07:00 UTC
2026-07-03 02:13:48,421 [INFO]   [WAIT] Waiting for 12:00 PM IST candle to close | Now=03:43 IST | Candle closes 07:00 UTC
2026-07-03 02:14:18,432 [INFO]   [WAIT] Waiting for 12:00 PM IST candle to close | Now=03:44 IST | Candle closes 07:00 UTC
2026-07-03 02:14:48,434 [INFO]   [WAIT] Waiting for 12:00 PM IST candle to close | Now=03:44 IST | Candle closes 07:00 UTC
2026-07-03 02:15:18,441 [INFO]   [WAIT] Waiting for 12:00 PM IST candle to close | Now=03:45 IST | Candle closes 07:00 UTC
2026-07-03 02:15:48,447 [INFO]   [WAIT] Waiting for 12:00 PM IST candle to close | Now=03:45 IST | Candle closes 07:00 UTC
2026-07-03 02:16:18,458 [INFO]   [WAIT] Waiting for 12:00 PM IST candle to close | Now=03:46 IST | Candle closes 07:00 UTC
2026-07-03 02:16:48,469 [INFO]   [WAIT] Waiting for 12:00 PM IST candle to close | Now=03:46 IST | Candle closes 07:00 UTC
2026-07-03 02:17:18,472 [INFO]   [WAIT] Waiting for 12:00 PM IST candle to close | Now=03:47 IST | Candle closes 07:00 UTC
2026-07-03 02:17:48,473 [INFO]   [WAIT] Waiting for 12:00 PM IST candle to close | Now=03:47 IST | Candle closes 07:00 UTC
2026-07-03 02:18:18,484 [INFO]   [WAIT] Waiting for 12:00 PM IST candle to close | Now=03:48 IST | Candle closes 07:00 UTC
2026-07-03 02:18:48,492 [INFO]   [WAIT] Waiting for 12:00 PM IST candle to close | Now=03:48 IST | Candle closes 07:00 UTC
2026-07-03 02:19:18,503 [INFO]   [WAIT] Waiting for 12:00 PM IST candle to close | Now=03:49 IST | Candle closes 07:00 UTC
2026-07-03 02:19:48,514 [INFO]   [WAIT] Waiting for 12:00 PM IST candle to close | Now=03:49 IST | Candle closes 07:00 UTC
2026-07-03 02:20:18,521 [INFO]   [WAIT] Waiting for 12:00 PM IST candle to close | Now=03:50 IST | Candle closes 07:00 UTC
2026-07-03 02:20:48,532 [INFO]   [WAIT] Waiting for 12:00 PM IST candle to close | Now=03:50 IST | Candle closes 07:00 UTC
2026-07-03 02:21:18,542 [INFO]   [WAIT] Waiting for 12:00 PM IST candle to close | Now=03:51 IST | Candle closes 07:00 UTC
2026-07-03 02:21:48,552 [INFO]   [WAIT] Waiting for 12:00 PM IST candle to close | Now=03:51 IST | Candle closes 07:00 UTC
2026-07-03 02:22:18,563 [INFO]   [WAIT] Waiting for 12:00 PM IST candle to close | Now=03:52 IST | Candle closes 07:00 UTC
2026-07-03 02:22:48,574 [INFO]   [WAIT] Waiting for 12:00 PM IST candle to close | Now=03:52 IST | Candle closes 07:00 UTC
2026-07-03 02:23:18,585 [INFO]   [WAIT] Waiting for 12:00 PM IST candle to close | Now=03:53 IST | Candle closes 07:00 UTC
2026-07-03 02:23:48,596 [INFO]   [WAIT] Waiting for 12:00 PM IST candle to close | Now=03:53 IST | Candle closes 07:00 UTC
2026-07-03 02:24:18,607 [INFO]   [WAIT] Waiting for 12:00 PM IST candle to close | Now=03:54 IST | Candle closes 07:00 UTC
2026-07-03 02:24:48,618 [INFO]   [WAIT] Waiting for 12:00 PM IST candle to close | Now=03:54 IST | Candle closes 07:00 UTC
2026-07-03 02:25:18,629 [INFO]   [WAIT] Waiting for 12:00 PM IST candle to close | Now=03:55 IST | Candle closes 07:00 UTC
2026-07-03 02:25:48,639 [INFO]   [WAIT] Waiting for 12:00 PM IST candle to close | Now=03:55 IST | Candle closes 07:00 UTC
2026-07-03 02:26:18,647 [INFO]   [WAIT] Waiting for 12:00 PM IST candle to close | Now=03:56 IST | Candle closes 07:00 UTC
2026-07-03 02:26:48,657 [INFO]   [WAIT] Waiting for 12:00 PM IST candle to close | Now=03:56 IST | Candle closes 07:00 UTC
2026-07-03 02:27:18,668 [INFO]   [WAIT] Waiting for 12:00 PM IST candle to close | Now=03:57 IST | Candle closes 07:00 UTC
2026-07-03 02:27:48,669 [INFO]   [WAIT] Waiting for 12:00 PM IST candle to close | Now=03:57 IST | Candle closes 07:00 UTC
2026-07-03 02:28:18,675 [INFO]   [WAIT] Waiting for 12:00 PM IST candle to close | Now=03:58 IST | Candle closes 07:00 UTC
2026-07-03 02:28:48,677 [INFO]   [WAIT] Waiting for 12:00 PM IST candle to close | Now=03:58 IST | Candle closes 07:00 UTC
2026-07-03 02:29:18,688 [INFO]   [WAIT] Waiting for 12:00 PM IST candle to close | Now=03:59 IST | Candle closes 07:00 UTC
2026-07-03 02:29:48,691 [INFO]   [WAIT] Waiting for 12:00 PM IST candle to close | Now=03:59 IST | Candle closes 07:00 UTC
2026-07-03 02:30:18,693 [INFO]   [WAIT] Waiting for 12:00 PM IST candle to close | Now=04:00 IST | Candle closes 07:00 UTC
2026-07-03 02:30:48,702 [INFO]   [WAIT] Waiting for 12:00 PM IST candle to close | Now=04:00 IST | Candle closes 07:00 UTC
2026-07-03 02:31:18,713 [INFO]   [WAIT] Waiting for 12:00 PM IST candle to close | Now=04:01 IST | Candle closes 07:00 UTC
2026-07-03 02:31:48,724 [INFO]   [WAIT] Waiting for 12:00 PM IST candle to close | Now=04:01 IST | Candle closes 07:00 UTC
2026-07-03 02:32:18,726 [INFO]   [WAIT] Waiting for 12:00 PM IST candle to close | Now=04:02 IST | Candle closes 07:00 UTC
2026-07-03 02:32:48,737 [INFO]   [WAIT] Waiting for 12:00 PM IST candle to close | Now=04:02 IST | Candle closes 07:00 UTC
2026-07-03 02:33:18,748 [INFO]   [WAIT] Waiting for 12:00 PM IST candle to close | Now=04:03 IST | Candle closes 07:00 UTC
2026-07-03 02:33:48,759 [INFO]   [WAIT] Waiting for 12:00 PM IST candle to close | Now=04:03 IST | Candle closes 07:00 UTC
2026-07-03 02:34:18,770 [INFO]   [WAIT] Waiting for 12:00 PM IST candle to close | Now=04:04 IST | Candle closes 07:00 UTC
2026-07-03 02:34:48,780 [INFO]   [WAIT] Waiting for 12:00 PM IST candle to close | Now=04:04 IST | Candle closes 07:00 UTC
2026-07-03 02:35:18,789 [INFO]   [WAIT] Waiting for 12:00 PM IST candle to close | Now=04:05 IST | Candle closes 07:00 UTC
2026-07-03 02:35:48,796 [INFO]   [WAIT] Waiting for 12:00 PM IST candle to close | Now=04:05 IST | Candle closes 07:00 UTC
2026-07-03 02:36:18,807 [INFO]   [WAIT] Waiting for 12:00 PM IST candle to close | Now=04:06 IST | Candle closes 07:00 UTC
2026-07-03 02:36:48,814 [INFO]   [WAIT] Waiting for 12:00 PM IST candle to close | Now=04:06 IST | Candle closes 07:00 UTC
2026-07-03 02:37:18,825 [INFO]   [WAIT] Waiting for 12:00 PM IST candle to close | Now=04:07 IST | Candle closes 07:00 UTC
2026-07-03 02:37:48,828 [INFO]   [WAIT] Waiting for 12:00 PM IST candle to close | Now=04:07 IST | Candle closes 07:00 UTC
2026-07-03 02:38:18,835 [INFO]   [WAIT] Waiting for 12:00 PM IST candle to close | Now=04:08 IST | Candle closes 07:00 UTC
2026-07-03 02:38:48,846 [INFO]   [WAIT] Waiting for 12:00 PM IST candle to close | Now=04:08 IST | Candle closes 07:00 UTC
2026-07-03 02:39:18,857 [INFO]   [WAIT] Waiting for 12:00 PM IST candle to close | Now=04:09 IST | Candle closes 07:00 UTC
2026-07-03 02:39:48,867 [INFO]   [WAIT] Waiting for 12:00 PM IST candle to close | Now=04:09 IST | Candle closes 07:00 UTC
2026-07-03 02:40:18,868 [INFO]   [WAIT] Waiting for 12:00 PM IST candle to close | Now=04:10 IST | Candle closes 07:00 UTC
2026-07-03 02:40:48,877 [INFO]   [WAIT] Waiting for 12:00 PM IST candle to close | Now=04:10 IST | Candle closes 07:00 UTC
2026-07-03 02:41:18,888 [INFO]   [WAIT] Waiting for 12:00 PM IST candle to close | Now=04:11 IST | Candle closes 07:00 UTC
2026-07-03 02:41:48,898 [INFO]   [WAIT] Waiting for 12:00 PM IST candle to close | Now=04:11 IST | Candle closes 07:00 UTC
2026-07-03 02:42:18,908 [INFO]   [WAIT] Waiting for 12:00 PM IST candle to close | Now=04:12 IST | Candle closes 07:00 UTC
2026-07-03 02:42:48,919 [INFO]   [WAIT] Waiting for 12:00 PM IST candle to close | Now=04:12 IST | Candle closes 07:00 UTC
2026-07-03 02:43:18,930 [INFO]   [WAIT] Waiting for 12:00 PM IST candle to close | Now=04:13 IST | Candle closes 07:00 UTC
2026-07-03 02:43:48,941 [INFO]   [WAIT] Waiting for 12:00 PM IST candle to close | Now=04:13 IST | Candle closes 07:00 UTC
2026-07-03 02:44:18,952 [INFO]   [WAIT] Waiting for 12:00 PM IST candle to close | Now=04:14 IST | Candle closes 07:00 UTC
2026-07-03 02:44:48,963 [INFO]   [WAIT] Waiting for 12:00 PM IST candle to close | Now=04:14 IST | Candle closes 07:00 UTC
2026-07-03 02:45:18,973 [INFO]   [WAIT] Waiting for 12:00 PM IST candle to close | Now=04:15 IST | Candle closes 07:00 UTC
2026-07-03 02:45:48,984 [INFO]   [WAIT] Waiting for 12:00 PM IST candle to close | Now=04:15 IST | Candle closes 07:00 UTC
2026-07-03 02:46:18,995 [INFO]   [WAIT] Waiting for 12:00 PM IST candle to close | Now=04:16 IST | Candle closes 07:00 UTC
2026-07-03 02:46:49,006 [INFO]   [WAIT] Waiting for 12:00 PM IST candle to close | Now=04:16 IST | Candle closes 07:00 UTC
2026-07-03 02:47:19,009 [INFO]   [WAIT] Waiting for 12:00 PM IST candle to close | Now=04:17 IST | Candle closes 07:00 UTC
2026-07-03 02:47:49,020 [INFO]   [WAIT] Waiting for 12:00 PM IST candle to close | Now=04:17 IST | Candle closes 07:00 UTC
2026-07-03 02:48:19,030 [INFO]   [WAIT] Waiting for 12:00 PM IST candle to close | Now=04:18 IST | Candle closes 07:00 UTC
2026-07-03 02:48:49,031 [INFO]   [WAIT] Waiting for 12:00 PM IST candle to close | Now=04:18 IST | Candle closes 07:00 UTC
2026-07-03 02:49:19,042 [INFO]   [WAIT] Waiting for 12:00 PM IST candle to close | Now=04:19 IST | Candle closes 07:00 UTC
2026-07-03 02:49:49,047 [INFO]   [WAIT] Waiting for 12:00 PM IST candle to close | Now=04:19 IST | Candle closes 07:00 UTC
2026-07-03 02:50:19,058 [INFO]   [WAIT] Waiting for 12:00 PM IST candle to close | Now=04:20 IST | Candle closes 07:00 UTC
2026-07-03 02:50:49,069 [INFO]   [WAIT] Waiting for 12:00 PM IST candle to close | Now=04:20 IST | Candle closes 07:00 UTC
2026-07-03 02:51:19,073 [INFO]   [WAIT] Waiting for 12:00 PM IST candle to close | Now=04:21 IST | Candle closes 07:00 UTC
2026-07-03 02:51:49,084 [INFO]   [WAIT] Waiting for 12:00 PM IST candle to close | Now=04:21 IST | Candle closes 07:00 UTC
2026-07-03 02:52:19,095 [INFO]   [WAIT] Waiting for 12:00 PM IST candle to close | Now=04:22 IST | Candle closes 07:00 UTC
2026-07-03 02:52:49,100 [INFO]   [WAIT] Waiting for 12:00 PM IST candle to close | Now=04:22 IST | Candle closes 07:00 UTC
2026-07-03 02:53:19,105 [INFO]   [WAIT] Waiting for 12:00 PM IST candle to close | Now=04:23 IST | Candle closes 07:00 UTC
2026-07-03 02:53:49,108 [INFO]   [WAIT] Waiting for 12:00 PM IST candle to close | Now=04:23 IST | Candle closes 07:00 UTC
2026-07-03 02:54:19,119 [INFO]   [WAIT] Waiting for 12:00 PM IST candle to close | Now=04:24 IST | Candle closes 07:00 UTC
2026-07-03 02:54:49,129 [INFO]   [WAIT] Waiting for 12:00 PM IST candle to close | Now=04:24 IST | Candle closes 07:00 UTC
2026-07-03 02:55:19,135 [INFO]   [WAIT] Waiting for 12:00 PM IST candle to close | Now=04:25 IST | Candle closes 07:00 UTC
2026-07-03 02:55:49,146 [INFO]   [WAIT] Waiting for 12:00 PM IST candle to close | Now=04:25 IST | Candle closes 07:00 UTC
2026-07-03 02:56:19,157 [INFO]   [WAIT] Waiting for 12:00 PM IST candle to close | Now=04:26 IST | Candle closes 07:00 UTC
2026-07-03 02:56:49,168 [INFO]   [WAIT] Waiting for 12:00 PM IST candle to close | Now=04:26 IST | Candle closes 07:00 UTC
2026-07-03 02:57:19,179 [INFO]   [WAIT] Waiting for 12:00 PM IST candle to close | Now=04:27 IST | Candle closes 07:00 UTC
2026-07-03 02:57:49,189 [INFO]   [WAIT] Waiting for 12:00 PM IST candle to close | Now=04:27 IST | Candle closes 07:00 UTC
2026-07-03 02:58:19,200 [INFO]   [WAIT] Waiting for 12:00 PM IST candle to close | Now=04:28 IST | Candle closes 07:00 UTC
2026-07-03 02:58:49,211 [INFO]   [WAIT] Waiting for 12:00 PM IST candle to close | Now=04:28 IST | Candle closes 07:00 UTC
2026-07-03 02:59:19,221 [INFO]   [WAIT] Waiting for 12:00 PM IST candle to close | Now=04:29 IST | Candle closes 07:00 UTC
2026-07-03 02:59:49,232 [INFO]   [WAIT] Waiting for 12:00 PM IST candle to close | Now=04:29 IST | Candle closes 07:00 UTC
2026-07-03 03:00:19,233 [INFO]   [WAIT] Waiting for 12:00 PM IST candle to close | Now=04:30 IST | Candle closes 07:00 UTC
2026-07-03 03:00:49,244 [INFO]   [WAIT] Waiting for 12:00 PM IST candle to close | Now=04:30 IST | Candle closes 07:00 UTC
2026-07-03 03:01:19,255 [INFO]   [WAIT] Waiting for 12:00 PM IST candle to close | Now=04:31 IST | Candle closes 07:00 UTC
2026-07-03 03:01:49,257 [INFO]   [WAIT] Waiting for 12:00 PM IST candle to close | Now=04:31 IST | Candle closes 07:00 UTC
2026-07-03 03:02:19,268 [INFO]   [WAIT] Waiting for 12:00 PM IST candle to close | Now=04:32 IST | Candle closes 07:00 UTC
2026-07-03 03:02:49,278 [INFO]   [WAIT] Waiting for 12:00 PM IST candle to close | Now=04:32 IST | Candle closes 07:00 UTC
2026-07-03 03:03:19,283 [INFO]   [WAIT] Waiting for 12:00 PM IST candle to close | Now=04:33 IST | Candle closes 07:00 UTC
2026-07-03 03:03:49,294 [INFO]   [WAIT] Waiting for 12:00 PM IST candle to close | Now=04:33 IST | Candle closes 07:00 UTC
2026-07-03 03:04:19,304 [INFO]   [WAIT] Waiting for 12:00 PM IST candle to close | Now=04:34 IST | Candle closes 07:00 UTC
2026-07-03 03:04:49,308 [INFO]   [WAIT] Waiting for 12:00 PM IST candle to close | Now=04:34 IST | Candle closes 07:00 UTC
2026-07-03 03:05:19,317 [INFO]   [WAIT] Waiting for 12:00 PM IST candle to close | Now=04:35 IST | Candle closes 07:00 UTC
2026-07-03 03:05:49,327 [INFO]   [WAIT] Waiting for 12:00 PM IST candle to close | Now=04:35 IST | Candle closes 07:00 UTC
2026-07-03 03:06:19,338 [INFO]   [WAIT] Waiting for 12:00 PM IST candle to close | Now=04:36 IST | Candle closes 07:00 UTC
2026-07-03 03:06:49,349 [INFO]   [WAIT] Waiting for 12:00 PM IST candle to close | Now=04:36 IST | Candle closes 07:00 UTC
2026-07-03 03:07:19,353 [INFO]   [WAIT] Waiting for 12:00 PM IST candle to close | Now=04:37 IST | Candle closes 07:00 UTC
2026-07-03 03:07:49,364 [INFO]   [WAIT] Waiting for 12:00 PM IST candle to close | Now=04:37 IST | Candle closes 07:00 UTC
2026-07-03 03:08:19,371 [INFO]   [WAIT] Waiting for 12:00 PM IST candle to close | Now=04:38 IST | Candle closes 07:00 UTC
2026-07-03 03:08:49,379 [INFO]   [WAIT] Waiting for 12:00 PM IST candle to close | Now=04:38 IST | Candle closes 07:00 UTC
2026-07-03 03:09:19,390 [INFO]   [WAIT] Waiting for 12:00 PM IST candle to close | Now=04:39 IST | Candle closes 07:00 UTC
2026-07-03 03:09:49,392 [INFO]   [WAIT] Waiting for 12:00 PM IST candle to close | Now=04:39 IST | Candle closes 07:00 UTC
2026-07-03 03:10:19,403 [INFO]   [WAIT] Waiting for 12:00 PM IST candle to close | Now=04:40 IST | Candle closes 07:00 UTC
2026-07-03 03:10:49,413 [INFO]   [WAIT] Waiting for 12:00 PM IST candle to close | Now=04:40 IST | Candle closes 07:00 UTC
2026-07-03 03:11:19,424 [INFO]   [WAIT] Waiting for 12:00 PM IST candle to close | Now=04:41 IST | Candle closes 07:00 UTC
2026-07-03 03:11:49,435 [INFO]   [WAIT] Waiting for 12:00 PM IST candle to close | Now=04:41 IST | Candle closes 07:00 UTC
2026-07-03 03:12:19,446 [INFO]   [WAIT] Waiting for 12:00 PM IST candle to close | Now=04:42 IST | Candle closes 07:00 UTC
2026-07-03 03:12:49,457 [INFO]   [WAIT] Waiting for 12:00 PM IST candle to close | Now=04:42 IST | Candle closes 07:00 UTC
2026-07-03 03:13:19,468 [INFO]   [WAIT] Waiting for 12:00 PM IST candle to close | Now=04:43 IST | Candle closes 07:00 UTC
2026-07-03 03:13:49,469 [INFO]   [WAIT] Waiting for 12:00 PM IST candle to close | Now=04:43 IST | Candle closes 07:00 UTC
2026-07-03 03:14:19,480 [INFO]   [WAIT] Waiting for 12:00 PM IST candle to close | Now=04:44 IST | Candle closes 07:00 UTC
2026-07-03 03:14:49,491 [INFO]   [WAIT] Waiting for 12:00 PM IST candle to close | Now=04:44 IST | Candle closes 07:00 UTC
2026-07-03 03:15:19,502 [INFO]   [WAIT] Waiting for 12:00 PM IST candle to close | Now=04:45 IST | Candle closes 07:00 UTC
2026-07-03 03:15:49,504 [INFO]   [WAIT] Waiting for 12:00 PM IST candle to close | Now=04:45 IST | Candle closes 07:00 UTC
2026-07-03 03:16:19,507 [INFO]   [WAIT] Waiting for 12:00 PM IST candle to close | Now=04:46 IST | Candle closes 07:00 UTC
2026-07-03 03:16:49,518 [INFO]   [WAIT] Waiting for 12:00 PM IST candle to close | Now=04:46 IST | Candle closes 07:00 UTC
2026-07-03 03:17:19,521 [INFO]   [WAIT] Waiting for 12:00 PM IST candle to close | Now=04:47 IST | Candle closes 07:00 UTC
2026-07-03 03:17:49,524 [INFO]   [WAIT] Waiting for 12:00 PM IST candle to close | Now=04:47 IST | Candle closes 07:00 UTC
2026-07-03 03:18:19,534 [INFO]   [WAIT] Waiting for 12:00 PM IST candle to close | Now=04:48 IST | Candle closes 07:00 UTC
2026-07-03 03:18:49,544 [INFO]   [WAIT] Waiting for 12:00 PM IST candle to close | Now=04:48 IST | Candle closes 07:00 UTC
2026-07-03 03:19:19,555 [INFO]   [WAIT] Waiting for 12:00 PM IST candle to close | Now=04:49 IST | Candle closes 07:00 UTC
2026-07-03 03:19:49,566 [INFO]   [WAIT] Waiting for 12:00 PM IST candle to close | Now=04:49 IST | Candle closes 07:00 UTC
2026-07-03 03:20:19,569 [INFO]   [WAIT] Waiting for 12:00 PM IST candle to close | Now=04:50 IST | Candle closes 07:00 UTC
2026-07-03 03:20:49,570 [INFO]   [WAIT] Waiting for 12:00 PM IST candle to close | Now=04:50 IST | Candle closes 07:00 UTC
2026-07-03 03:21:19,576 [INFO]   [WAIT] Waiting for 12:00 PM IST candle to close | Now=04:51 IST | Candle closes 07:00 UTC
2026-07-03 03:21:49,587 [INFO]   [WAIT] Waiting for 12:00 PM IST candle to close | Now=04:51 IST | Candle closes 07:00 UTC
2026-07-03 03:22:19,598 [INFO]   [WAIT] Waiting for 12:00 PM IST candle to close | Now=04:52 IST | Candle closes 07:00 UTC
2026-07-03 03:22:49,600 [INFO]   [WAIT] Waiting for 12:00 PM IST candle to close | Now=04:52 IST | Candle closes 07:00 UTC
2026-07-03 03:23:19,603 [INFO]   [WAIT] Waiting for 12:00 PM IST candle to close | Now=04:53 IST | Candle closes 07:00 UTC
2026-07-03 03:23:49,614 [INFO]   [WAIT] Waiting for 12:00 PM IST candle to close | Now=04:53 IST | Candle closes 07:00 UTC
2026-07-03 03:24:19,623 [INFO]   [WAIT] Waiting for 12:00 PM IST candle to close | Now=04:54 IST | Candle closes 07:00 UTC
2026-07-03 03:24:49,626 [INFO]   [WAIT] Waiting for 12:00 PM IST candle to close | Now=04:54 IST | Candle closes 07:00 UTC
2026-07-03 03:25:19,637 [INFO]   [WAIT] Waiting for 12:00 PM IST candle to close | Now=04:55 IST | Candle closes 07:00 UTC
2026-07-03 03:25:49,648 [INFO]   [WAIT] Waiting for 12:00 PM IST candle to close | Now=04:55 IST | Candle closes 07:00 UTC
2026-07-03 03:26:19,659 [INFO]   [WAIT] Waiting for 12:00 PM IST candle to close | Now=04:56 IST | Candle closes 07:00 UTC
2026-07-03 03:26:49,669 [INFO]   [WAIT] Waiting for 12:00 PM IST candle to close | Now=04:56 IST | Candle closes 07:00 UTC
2026-07-03 03:27:19,680 [INFO]   [WAIT] Waiting for 12:00 PM IST candle to close | Now=04:57 IST | Candle closes 07:00 UTC
2026-07-03 03:27:49,691 [INFO]   [WAIT] Waiting for 12:00 PM IST candle to close | Now=04:57 IST | Candle closes 07:00 UTC
2026-07-03 03:28:19,702 [INFO]   [WAIT] Waiting for 12:00 PM IST candle to close | Now=04:58 IST | Candle closes 07:00 UTC
2026-07-03 03:28:49,713 [INFO]   [WAIT] Waiting for 12:00 PM IST candle to close | Now=04:58 IST | Candle closes 07:00 UTC
2026-07-03 03:29:19,723 [INFO]   [WAIT] Waiting for 12:00 PM IST candle to close | Now=04:59 IST | Candle closes 07:00 UTC
2026-07-03 03:29:49,728 [INFO]   [WAIT] Waiting for 12:00 PM IST candle to close | Now=04:59 IST | Candle closes 07:00 UTC
2026-07-03 03:30:19,738 [INFO]   [WAIT] Waiting for 12:00 PM IST candle to close | Now=05:00 IST | Candle closes 07:00 UTC
2026-07-03 03:30:49,749 [INFO]   [WAIT] Waiting for 12:00 PM IST candle to close | Now=05:00 IST | Candle closes 07:00 UTC
2026-07-03 03:31:19,759 [INFO]   [WAIT] Waiting for 12:00 PM IST candle to close | Now=05:01 IST | Candle closes 07:00 UTC
2026-07-03 03:31:49,762 [INFO]   [WAIT] Waiting for 12:00 PM IST candle to close | Now=05:01 IST | Candle closes 07:00 UTC
2026-07-03 03:32:19,773 [INFO]   [WAIT] Waiting for 12:00 PM IST candle to close | Now=05:02 IST | Candle closes 07:00 UTC
2026-07-03 03:32:49,784 [INFO]   [WAIT] Waiting for 12:00 PM IST candle to close | Now=05:02 IST | Candle closes 07:00 UTC
2026-07-03 03:33:19,787 [INFO]   [WAIT] Waiting for 12:00 PM IST candle to close | Now=05:03 IST | Candle closes 07:00 UTC
2026-07-03 03:33:49,795 [INFO]   [WAIT] Waiting for 12:00 PM IST candle to close | Now=05:03 IST | Candle closes 07:00 UTC
2026-07-03 03:34:19,806 [INFO]   [WAIT] Waiting for 12:00 PM IST candle to close | Now=05:04 IST | Candle closes 07:00 UTC
2026-07-03 03:34:49,812 [INFO]   [WAIT] Waiting for 12:00 PM IST candle to close | Now=05:04 IST | Candle closes 07:00 UTC
2026-07-03 03:35:19,820 [INFO]   [WAIT] Waiting for 12:00 PM IST candle to close | Now=05:05 IST | Candle closes 07:00 UTC
2026-07-03 03:35:49,831 [INFO]   [WAIT] Waiting for 12:00 PM IST candle to close | Now=05:05 IST | Candle closes 07:00 UTC
2026-07-03 03:36:19,833 [INFO]   [WAIT] Waiting for 12:00 PM IST candle to close | Now=05:06 IST | Candle closes 07:00 UTC
2026-07-03 03:36:49,836 [INFO]   [WAIT] Waiting for 12:00 PM IST candle to close | Now=05:06 IST | Candle closes 07:00 UTC
2026-07-03 03:37:19,847 [INFO]   [WAIT] Waiting for 12:00 PM IST candle to close | Now=05:07 IST | Candle closes 07:00 UTC
2026-07-03 03:37:49,858 [INFO]   [WAIT] Waiting for 12:00 PM IST candle to close | Now=05:07 IST | Candle closes 07:00 UTC
2026-07-03 03:38:19,869 [INFO]   [WAIT] Waiting for 12:00 PM IST candle to close | Now=05:08 IST | Candle closes 07:00 UTC
2026-07-03 03:38:49,875 [INFO]   [WAIT] Waiting for 12:00 PM IST candle to close | Now=05:08 IST | Candle closes 07:00 UTC
2026-07-03 03:39:19,880 [INFO]   [WAIT] Waiting for 12:00 PM IST candle to close | Now=05:09 IST | Candle closes 07:00 UTC
2026-07-03 03:39:49,890 [INFO]   [WAIT] Waiting for 12:00 PM IST candle to close | Now=05:09 IST | Candle closes 07:00 UTC
2026-07-03 03:40:19,895 [INFO]   [WAIT] Waiting for 12:00 PM IST candle to close | Now=05:10 IST | Candle closes 07:00 UTC
2026-07-03 03:40:49,902 [INFO]   [WAIT] Waiting for 12:00 PM IST candle to close | Now=05:10 IST | Candle closes 07:00 UTC
2026-07-03 03:41:19,913 [INFO]   [WAIT] Waiting for 12:00 PM IST candle to close | Now=05:11 IST | Candle closes 07:00 UTC
2026-07-03 03:41:49,924 [INFO]   [WAIT] Waiting for 12:00 PM IST candle to close | Now=05:11 IST | Candle closes 07:00 UTC
2026-07-03 03:42:19,935 [INFO]   [WAIT] Waiting for 12:00 PM IST candle to close | Now=05:12 IST | Candle closes 07:00 UTC
2026-07-03 03:42:49,946 [INFO]   [WAIT] Waiting for 12:00 PM IST candle to close | Now=05:12 IST | Candle closes 07:00 UTC
2026-07-03 03:43:19,957 [INFO]   [WAIT] Waiting for 12:00 PM IST candle to close | Now=05:13 IST | Candle closes 07:00 UTC
2026-07-03 03:43:49,960 [INFO]   [WAIT] Waiting for 12:00 PM IST candle to close | Now=05:13 IST | Candle closes 07:00 UTC
2026-07-03 03:44:19,961 [INFO]   [WAIT] Waiting for 12:00 PM IST candle to close | Now=05:14 IST | Candle closes 07:00 UTC
2026-07-03 03:44:49,972 [INFO]   [WAIT] Waiting for 12:00 PM IST candle to close | Now=05:14 IST | Candle closes 07:00 UTC
2026-07-03 03:45:19,983 [INFO]   [WAIT] Waiting for 12:00 PM IST candle to close | Now=05:15 IST | Candle closes 07:00 UTC
2026-07-03 03:45:49,995 [INFO]   [WAIT] Waiting for 12:00 PM IST candle to close | Now=05:15 IST | Candle closes 07:00 UTC
2026-07-03 03:46:20,006 [INFO]   [WAIT] Waiting for 12:00 PM IST candle to close | Now=05:16 IST | Candle closes 07:00 UTC
2026-07-03 03:46:50,017 [INFO]   [WAIT] Waiting for 12:00 PM IST candle to close | Now=05:16 IST | Candle closes 07:00 UTC
2026-07-03 03:47:20,028 [INFO]   [WAIT] Waiting for 12:00 PM IST candle to close | Now=05:17 IST | Candle closes 07:00 UTC
2026-07-03 03:47:50,038 [INFO]   [WAIT] Waiting for 12:00 PM IST candle to close | Now=05:17 IST | Candle closes 07:00 UTC
2026-07-03 03:48:20,049 [INFO]   [WAIT] Waiting for 12:00 PM IST candle to close | Now=05:18 IST | Candle closes 07:00 UTC
2026-07-03 03:48:50,060 [INFO]   [WAIT] Waiting for 12:00 PM IST candle to close | Now=05:18 IST | Candle closes 07:00 UTC
2026-07-03 03:49:20,066 [INFO]   [WAIT] Waiting for 12:00 PM IST candle to close | Now=05:19 IST | Candle closes 07:00 UTC
2026-07-03 03:49:50,077 [INFO]   [WAIT] Waiting for 12:00 PM IST candle to close | Now=05:19 IST | Candle closes 07:00 UTC
2026-07-03 03:50:20,087 [INFO]   [WAIT] Waiting for 12:00 PM IST candle to close | Now=05:20 IST | Candle closes 07:00 UTC
2026-07-03 03:50:50,090 [INFO]   [WAIT] Waiting for 12:00 PM IST candle to close | Now=05:20 IST | Candle closes 07:00 UTC
2026-07-03 03:51:20,093 [INFO]   [WAIT] Waiting for 12:00 PM IST candle to close | Now=05:21 IST | Candle closes 07:00 UTC
2026-07-03 03:51:50,103 [INFO]   [WAIT] Waiting for 12:00 PM IST candle to close | Now=05:21 IST | Candle closes 07:00 UTC
2026-07-03 03:52:20,109 [INFO]   [WAIT] Waiting for 12:00 PM IST candle to close | Now=05:22 IST | Candle closes 07:00 UTC
2026-07-03 03:52:50,120 [INFO]   [WAIT] Waiting for 12:00 PM IST candle to close | Now=05:22 IST | Candle closes 07:00 UTC
2026-07-03 03:53:20,130 [INFO]   [WAIT] Waiting for 12:00 PM IST candle to close | Now=05:23 IST | Candle closes 07:00 UTC
2026-07-03 03:53:50,141 [INFO]   [WAIT] Waiting for 12:00 PM IST candle to close | Now=05:23 IST | Candle closes 07:00 UTC
2026-07-03 03:54:20,152 [INFO]   [WAIT] Waiting for 12:00 PM IST candle to close | Now=05:24 IST | Candle closes 07:00 UTC
2026-07-03 03:54:50,156 [INFO]   [WAIT] Waiting for 12:00 PM IST candle to close | Now=05:24 IST | Candle closes 07:00 UTC
2026-07-03 03:55:20,167 [INFO]   [WAIT] Waiting for 12:00 PM IST candle to close | Now=05:25 IST | Candle closes 07:00 UTC
2026-07-03 03:55:50,169 [INFO]   [WAIT] Waiting for 12:00 PM IST candle to close | Now=05:25 IST | Candle closes 07:00 UTC
2026-07-03 03:56:20,175 [INFO]   [WAIT] Waiting for 12:00 PM IST candle to close | Now=05:26 IST | Candle closes 07:00 UTC
2026-07-03 03:56:50,186 [INFO]   [WAIT] Waiting for 12:00 PM IST candle to close | Now=05:26 IST | Candle closes 07:00 UTC
2026-07-03 03:57:20,189 [INFO]   [WAIT] Waiting for 12:00 PM IST candle to close | Now=05:27 IST | Candle closes 07:00 UTC
2026-07-03 03:57:50,192 [INFO]   [WAIT] Waiting for 12:00 PM IST candle to close | Now=05:27 IST | Candle closes 07:00 UTC
2026-07-03 03:58:20,203 [INFO]   [WAIT] Waiting for 12:00 PM IST candle to close | Now=05:28 IST | Candle closes 07:00 UTC
2026-07-03 03:58:50,206 [INFO]   [WAIT] Waiting for 12:00 PM IST candle to close | Now=05:28 IST | Candle closes 07:00 UTC
2026-07-03 03:59:20,216 [INFO]   [WAIT] Waiting for 12:00 PM IST candle to close | Now=05:29 IST | Candle closes 07:00 UTC
2026-07-03 03:59:50,227 [INFO]   [WAIT] Waiting for 12:00 PM IST candle to close | Now=05:29 IST | Candle closes 07:00 UTC
2026-07-03 04:00:20,230 [INFO]   [WAIT] Waiting for 12:00 PM IST candle to close | Now=05:30 IST | Candle closes 07:00 UTC
2026-07-03 04:00:50,241 [INFO]   [WAIT] Waiting for 12:00 PM IST candle to close | Now=05:30 IST | Candle closes 07:00 UTC
2026-07-03 04:01:20,252 [INFO]   [WAIT] Waiting for 12:00 PM IST candle to close | Now=05:31 IST | Candle closes 07:00 UTC
2026-07-03 04:01:50,264 [INFO]   [WAIT] Waiting for 12:00 PM IST candle to close | Now=05:31 IST | Candle closes 07:00 UTC
2026-07-03 04:02:20,275 [INFO]   [WAIT] Waiting for 12:00 PM IST candle to close | Now=05:32 IST | Candle closes 07:00 UTC
2026-07-03 04:02:50,286 [INFO]   [WAIT] Waiting for 12:00 PM IST candle to close | Now=05:32 IST | Candle closes 07:00 UTC
2026-07-03 04:03:20,297 [INFO]   [WAIT] Waiting for 12:00 PM IST candle to close | Now=05:33 IST | Candle closes 07:00 UTC
2026-07-03 04:03:50,307 [INFO]   [WAIT] Waiting for 12:00 PM IST candle to close | Now=05:33 IST | Candle closes 07:00 UTC
2026-07-03 04:04:20,318 [INFO]   [WAIT] Waiting for 12:00 PM IST candle to close | Now=05:34 IST | Candle closes 07:00 UTC
2026-07-03 04:04:50,328 [INFO]   [WAIT] Waiting for 12:00 PM IST candle to close | Now=05:34 IST | Candle closes 07:00 UTC
2026-07-03 04:05:20,336 [INFO]   [WAIT] Waiting for 12:00 PM IST candle to close | Now=05:35 IST | Candle closes 07:00 UTC
2026-07-03 04:05:50,342 [INFO]   [WAIT] Waiting for 12:00 PM IST candle to close | Now=05:35 IST | Candle closes 07:00 UTC
2026-07-03 04:06:20,353 [INFO]   [WAIT] Waiting for 12:00 PM IST candle to close | Now=05:36 IST | Candle closes 07:00 UTC
2026-07-03 04:06:50,358 [INFO]   [WAIT] Waiting for 12:00 PM IST candle to close | Now=05:36 IST | Candle closes 07:00 UTC
2026-07-03 04:07:20,369 [INFO]   [WAIT] Waiting for 12:00 PM IST candle to close | Now=05:37 IST | Candle closes 07:00 UTC
2026-07-03 04:07:50,380 [INFO]   [WAIT] Waiting for 12:00 PM IST candle to close | Now=05:37 IST | Candle closes 07:00 UTC
2026-07-03 04:08:20,389 [INFO]   [WAIT] Waiting for 12:00 PM IST candle to close | Now=05:38 IST | Candle closes 07:00 UTC
2026-07-03 04:08:50,400 [INFO]   [WAIT] Waiting for 12:00 PM IST candle to close | Now=05:38 IST | Candle closes 07:00 UTC
2026-07-03 04:09:20,411 [INFO]   [WAIT] Waiting for 12:00 PM IST candle to close | Now=05:39 IST | Candle closes 07:00 UTC
2026-07-03 04:09:50,422 [INFO]   [WAIT] Waiting for 12:00 PM IST candle to close | Now=05:39 IST | Candle closes 07:00 UTC
2026-07-03 04:10:20,433 [INFO]   [WAIT] Waiting for 12:00 PM IST candle to close | Now=05:40 IST | Candle closes 07:00 UTC
2026-07-03 04:10:50,444 [INFO]   [WAIT] Waiting for 12:00 PM IST candle to close | Now=05:40 IST | Candle closes 07:00 UTC
2026-07-03 04:11:20,449 [INFO]   [WAIT] Waiting for 12:00 PM IST candle to close | Now=05:41 IST | Candle closes 07:00 UTC
2026-07-03 04:11:50,459 [INFO]   [WAIT] Waiting for 12:00 PM IST candle to close | Now=05:41 IST | Candle closes 07:00 UTC
2026-07-03 04:12:20,463 [INFO]   [WAIT] Waiting for 12:00 PM IST candle to close | Now=05:42 IST | Candle closes 07:00 UTC
2026-07-03 04:12:50,466 [INFO]   [WAIT] Waiting for 12:00 PM IST candle to close | Now=05:42 IST | Candle closes 07:00 UTC
2026-07-03 04:13:20,467 [INFO]   [WAIT] Waiting for 12:00 PM IST candle to close | Now=05:43 IST | Candle closes 07:00 UTC
2026-07-03 04:13:50,478 [INFO]   [WAIT] Waiting for 12:00 PM IST candle to close | Now=05:43 IST | Candle closes 07:00 UTC
2026-07-03 04:14:20,489 [INFO]   [WAIT] Waiting for 12:00 PM IST candle to close | Now=05:44 IST | Candle closes 07:00 UTC
2026-07-03 04:14:50,499 [INFO]   [WAIT] Waiting for 12:00 PM IST candle to close | Now=05:44 IST | Candle closes 07:00 UTC
2026-07-03 04:15:20,510 [INFO]   [WAIT] Waiting for 12:00 PM IST candle to close | Now=05:45 IST | Candle closes 07:00 UTC
2026-07-03 04:15:50,521 [INFO]   [WAIT] Waiting for 12:00 PM IST candle to close | Now=05:45 IST | Candle closes 07:00 UTC
2026-07-03 04:16:20,530 [INFO]   [WAIT] Waiting for 12:00 PM IST candle to close | Now=05:46 IST | Candle closes 07:00 UTC
2026-07-03 04:16:50,540 [INFO]   [WAIT] Waiting for 12:00 PM IST candle to close | Now=05:46 IST | Candle closes 07:00 UTC
2026-07-03 04:17:20,544 [INFO]   [WAIT] Waiting for 12:00 PM IST candle to close | Now=05:47 IST | Candle closes 07:00 UTC
2026-07-03 04:17:50,555 [INFO]   [WAIT] Waiting for 12:00 PM IST candle to close | Now=05:47 IST | Candle closes 07:00 UTC
2026-07-03 04:18:20,566 [INFO]   [WAIT] Waiting for 12:00 PM IST candle to close | Now=05:48 IST | Candle closes 07:00 UTC
2026-07-03 04:18:50,577 [INFO]   [WAIT] Waiting for 12:00 PM IST candle to close | Now=05:48 IST | Candle closes 07:00 UTC
2026-07-03 04:19:20,588 [INFO]   [WAIT] Waiting for 12:00 PM IST candle to close | Now=05:49 IST | Candle closes 07:00 UTC
2026-07-03 04:19:50,599 [INFO]   [WAIT] Waiting for 12:00 PM IST candle to close | Now=05:49 IST | Candle closes 07:00 UTC
2026-07-03 04:20:20,606 [INFO]   [WAIT] Waiting for 12:00 PM IST candle to close | Now=05:50 IST | Candle closes 07:00 UTC
2026-07-03 04:20:50,617 [INFO]   [WAIT] Waiting for 12:00 PM IST candle to close | Now=05:50 IST | Candle closes 07:00 UTC
2026-07-03 04:21:20,619 [INFO]   [WAIT] Waiting for 12:00 PM IST candle to close | Now=05:51 IST | Candle closes 07:00 UTC
2026-07-03 04:21:50,630 [INFO]   [WAIT] Waiting for 12:00 PM IST candle to close | Now=05:51 IST | Candle closes 07:00 UTC
2026-07-03 04:22:20,641 [INFO]   [WAIT] Waiting for 12:00 PM IST candle to close | Now=05:52 IST | Candle closes 07:00 UTC
2026-07-03 04:22:50,652 [INFO]   [WAIT] Waiting for 12:00 PM IST candle to close | Now=05:52 IST | Candle closes 07:00 UTC
2026-07-03 04:23:20,662 [INFO]   [WAIT] Waiting for 12:00 PM IST candle to close | Now=05:53 IST | Candle closes 07:00 UTC
2026-07-03 04:23:50,664 [INFO]   [WAIT] Waiting for 12:00 PM IST candle to close | Now=05:53 IST | Candle closes 07:00 UTC
2026-07-03 04:24:20,675 [INFO]   [WAIT] Waiting for 12:00 PM IST candle to close | Now=05:54 IST | Candle closes 07:00 UTC
2026-07-03 04:24:50,684 [INFO]   [WAIT] Waiting for 12:00 PM IST candle to close | Now=05:54 IST | Candle closes 07:00 UTC
2026-07-03 04:25:20,695 [INFO]   [WAIT] Waiting for 12:00 PM IST candle to close | Now=05:55 IST | Candle closes 07:00 UTC
2026-07-03 04:25:50,705 [INFO]   [WAIT] Waiting for 12:00 PM IST candle to close | Now=05:55 IST | Candle closes 07:00 UTC
2026-07-03 04:26:20,714 [INFO]   [WAIT] Waiting for 12:00 PM IST candle to close | Now=05:56 IST | Candle closes 07:00 UTC
2026-07-03 04:26:50,720 [INFO]   [WAIT] Waiting for 12:00 PM IST candle to close | Now=05:56 IST | Candle closes 07:00 UTC
2026-07-03 04:27:20,727 [INFO]   [WAIT] Waiting for 12:00 PM IST candle to close | Now=05:57 IST | Candle closes 07:00 UTC
2026-07-03 04:27:50,738 [INFO]   [WAIT] Waiting for 12:00 PM IST candle to close | Now=05:57 IST | Candle closes 07:00 UTC
2026-07-03 04:28:20,748 [INFO]   [WAIT] Waiting for 12:00 PM IST candle to close | Now=05:58 IST | Candle closes 07:00 UTC
2026-07-03 04:28:50,759 [INFO]   [WAIT] Waiting for 12:00 PM IST candle to close | Now=05:58 IST | Candle closes 07:00 UTC
2026-07-03 04:29:20,770 [INFO]   [WAIT] Waiting for 12:00 PM IST candle to close | Now=05:59 IST | Candle closes 07:00 UTC
2026-07-03 04:29:50,781 [INFO]   [WAIT] Waiting for 12:00 PM IST candle to close | Now=05:59 IST | Candle closes 07:00 UTC
2026-07-03 04:30:20,785 [INFO]   [WAIT] Waiting for 12:00 PM IST candle to close | Now=06:00 IST | Candle closes 07:00 UTC
2026-07-03 04:30:50,795 [INFO]   [WAIT] Waiting for 12:00 PM IST candle to close | Now=06:00 IST | Candle closes 07:00 UTC
2026-07-03 04:31:20,806 [INFO]   [WAIT] Waiting for 12:00 PM IST candle to close | Now=06:01 IST | Candle closes 07:00 UTC
2026-07-03 04:31:50,816 [INFO]   [WAIT] Waiting for 12:00 PM IST candle to close | Now=06:01 IST | Candle closes 07:00 UTC
2026-07-03 04:32:20,823 [INFO]   [WAIT] Waiting for 12:00 PM IST candle to close | Now=06:02 IST | Candle closes 07:00 UTC
2026-07-03 04:32:50,834 [INFO]   [WAIT] Waiting for 12:00 PM IST candle to close | Now=06:02 IST | Candle closes 07:00 UTC
2026-07-03 04:33:20,837 [INFO]   [WAIT] Waiting for 12:00 PM IST candle to close | Now=06:03 IST | Candle closes 07:00 UTC
2026-07-03 04:33:50,849 [INFO]   [WAIT] Waiting for 12:00 PM IST candle to close | Now=06:03 IST | Candle closes 07:00 UTC
2026-07-03 04:34:20,860 [INFO]   [WAIT] Waiting for 12:00 PM IST candle to close | Now=06:04 IST | Candle closes 07:00 UTC
2026-07-03 04:34:50,871 [INFO]   [WAIT] Waiting for 12:00 PM IST candle to close | Now=06:04 IST | Candle closes 07:00 UTC
2026-07-03 04:35:20,882 [INFO]   [WAIT] Waiting for 12:00 PM IST candle to close | Now=06:05 IST | Candle closes 07:00 UTC
2026-07-03 04:35:50,893 [INFO]   [WAIT] Waiting for 12:00 PM IST candle to close | Now=06:05 IST | Candle closes 07:00 UTC
2026-07-03 04:36:20,904 [INFO]   [WAIT] Waiting for 12:00 PM IST candle to close | Now=06:06 IST | Candle closes 07:00 UTC
2026-07-03 04:36:50,914 [INFO]   [WAIT] Waiting for 12:00 PM IST candle to close | Now=06:06 IST | Candle closes 07:00 UTC
2026-07-03 04:37:20,925 [INFO]   [WAIT] Waiting for 12:00 PM IST candle to close | Now=06:07 IST | Candle closes 07:00 UTC
2026-07-03 04:37:50,936 [INFO]   [WAIT] Waiting for 12:00 PM IST candle to close | Now=06:07 IST | Candle closes 07:00 UTC
2026-07-03 04:38:20,938 [INFO]   [WAIT] Waiting for 12:00 PM IST candle to close | Now=06:08 IST | Candle closes 07:00 UTC
2026-07-03 04:38:50,949 [INFO]   [WAIT] Waiting for 12:00 PM IST candle to close | Now=06:08 IST | Candle closes 07:00 UTC
2026-07-03 04:39:20,960 [INFO]   [WAIT] Waiting for 12:00 PM IST candle to close | Now=06:09 IST | Candle closes 07:00 UTC
2026-07-03 04:39:50,971 [INFO]   [WAIT] Waiting for 12:00 PM IST candle to close | Now=06:09 IST | Candle closes 07:00 UTC
2026-07-03 04:40:20,976 [INFO]   [WAIT] Waiting for 12:00 PM IST candle to close | Now=06:10 IST | Candle closes 07:00 UTC
2026-07-03 04:40:50,987 [INFO]   [WAIT] Waiting for 12:00 PM IST candle to close | Now=06:10 IST | Candle closes 07:00 UTC
2026-07-03 04:41:20,998 [INFO]   [WAIT] Waiting for 12:00 PM IST candle to close | Now=06:11 IST | Candle closes 07:00 UTC
2026-07-03 04:41:51,005 [INFO]   [WAIT] Waiting for 12:00 PM IST candle to close | Now=06:11 IST | Candle closes 07:00 UTC
2026-07-03 04:42:21,016 [INFO]   [WAIT] Waiting for 12:00 PM IST candle to close | Now=06:12 IST | Candle closes 07:00 UTC
2026-07-03 04:42:51,026 [INFO]   [WAIT] Waiting for 12:00 PM IST candle to close | Now=06:12 IST | Candle closes 07:00 UTC
2026-07-03 04:43:21,037 [INFO]   [WAIT] Waiting for 12:00 PM IST candle to close | Now=06:13 IST | Candle closes 07:00 UTC
2026-07-03 04:43:51,048 [INFO]   [WAIT] Waiting for 12:00 PM IST candle to close | Now=06:13 IST | Candle closes 07:00 UTC
2026-07-03 04:44:21,059 [INFO]   [WAIT] Waiting for 12:00 PM IST candle to close | Now=06:14 IST | Candle closes 07:00 UTC
2026-07-03 04:44:51,068 [INFO]   [WAIT] Waiting for 12:00 PM IST candle to close | Now=06:14 IST | Candle closes 07:00 UTC
2026-07-03 04:45:21,076 [INFO]   [WAIT] Waiting for 12:00 PM IST candle to close | Now=06:15 IST | Candle closes 07:00 UTC
2026-07-03 04:45:51,077 [INFO]   [WAIT] Waiting for 12:00 PM IST candle to close | Now=06:15 IST | Candle closes 07:00 UTC
2026-07-03 04:46:21,088 [INFO]   [WAIT] Waiting for 12:00 PM IST candle to close | Now=06:16 IST | Candle closes 07:00 UTC
2026-07-03 04:46:51,099 [INFO]   [WAIT] Waiting for 12:00 PM IST candle to close | Now=06:16 IST | Candle closes 07:00 UTC
2026-07-03 04:47:21,101 [INFO]   [WAIT] Waiting for 12:00 PM IST candle to close | Now=06:17 IST | Candle closes 07:00 UTC
2026-07-03 04:47:51,111 [INFO]   [WAIT] Waiting for 12:00 PM IST candle to close | Now=06:17 IST | Candle closes 07:00 UTC
2026-07-03 04:48:21,122 [INFO]   [WAIT] Waiting for 12:00 PM IST candle to close | Now=06:18 IST | Candle closes 07:00 UTC
2026-07-03 04:48:51,133 [INFO]   [WAIT] Waiting for 12:00 PM IST candle to close | Now=06:18 IST | Candle closes 07:00 UTC
2026-07-03 04:49:21,137 [INFO]   [WAIT] Waiting for 12:00 PM IST candle to close | Now=06:19 IST | Candle closes 07:00 UTC
2026-07-03 04:49:51,149 [INFO]   [WAIT] Waiting for 12:00 PM IST candle to close | Now=06:19 IST | Candle closes 07:00 UTC
2026-07-03 04:50:21,156 [INFO]   [WAIT] Waiting for 12:00 PM IST candle to close | Now=06:20 IST | Candle closes 07:00 UTC
2026-07-03 04:50:51,157 [INFO]   [WAIT] Waiting for 12:00 PM IST candle to close | Now=06:20 IST | Candle closes 07:00 UTC
2026-07-03 04:51:21,159 [INFO]   [WAIT] Waiting for 12:00 PM IST candle to close | Now=06:21 IST | Candle closes 07:00 UTC
2026-07-03 04:51:51,170 [INFO]   [WAIT] Waiting for 12:00 PM IST candle to close | Now=06:21 IST | Candle closes 07:00 UTC
2026-07-03 04:52:21,179 [INFO]   [WAIT] Waiting for 12:00 PM IST candle to close | Now=06:22 IST | Candle closes 07:00 UTC
2026-07-03 04:52:51,190 [INFO]   [WAIT] Waiting for 12:00 PM IST candle to close | Now=06:22 IST | Candle closes 07:00 UTC
2026-07-03 04:53:21,198 [INFO]   [WAIT] Waiting for 12:00 PM IST candle to close | Now=06:23 IST | Candle closes 07:00 UTC
2026-07-03 04:53:51,203 [INFO]   [WAIT] Waiting for 12:00 PM IST candle to close | Now=06:23 IST | Candle closes 07:00 UTC
2026-07-03 04:54:21,210 [INFO]   [WAIT] Waiting for 12:00 PM IST candle to close | Now=06:24 IST | Candle closes 07:00 UTC
2026-07-03 04:54:51,216 [INFO]   [WAIT] Waiting for 12:00 PM IST candle to close | Now=06:24 IST | Candle closes 07:00 UTC
2026-07-03 04:55:21,227 [INFO]   [WAIT] Waiting for 12:00 PM IST candle to close | Now=06:25 IST | Candle closes 07:00 UTC
2026-07-03 04:55:51,230 [INFO]   [WAIT] Waiting for 12:00 PM IST candle to close | Now=06:25 IST | Candle closes 07:00 UTC
2026-07-03 04:56:21,233 [INFO]   [WAIT] Waiting for 12:00 PM IST candle to close | Now=06:26 IST | Candle closes 07:00 UTC
2026-07-03 04:56:51,234 [INFO]   [WAIT] Waiting for 12:00 PM IST candle to close | Now=06:26 IST | Candle closes 07:00 UTC
2026-07-03 04:57:21,238 [INFO]   [WAIT] Waiting for 12:00 PM IST candle to close | Now=06:27 IST | Candle closes 07:00 UTC
2026-07-03 04:57:51,245 [INFO]   [WAIT] Waiting for 12:00 PM IST candle to close | Now=06:27 IST | Candle closes 07:00 UTC
2026-07-03 04:58:21,256 [INFO]   [WAIT] Waiting for 12:00 PM IST candle to close | Now=06:28 IST | Candle closes 07:00 UTC
2026-07-03 04:58:51,258 [INFO]   [WAIT] Waiting for 12:00 PM IST candle to close | Now=06:28 IST | Candle closes 07:00 UTC
2026-07-03 04:59:21,269 [INFO]   [WAIT] Waiting for 12:00 PM IST candle to close | Now=06:29 IST | Candle closes 07:00 UTC
2026-07-03 04:59:51,271 [INFO]   [WAIT] Waiting for 12:00 PM IST candle to close | Now=06:29 IST | Candle closes 07:00 UTC
2026-07-03 05:00:21,282 [INFO]   [WAIT] Waiting for 12:00 PM IST candle to close | Now=06:30 IST | Candle closes 07:00 UTC
2026-07-03 05:00:51,293 [INFO]   [WAIT] Waiting for 12:00 PM IST candle to close | Now=06:30 IST | Candle closes 07:00 UTC
2026-07-03 05:01:21,303 [INFO]   [WAIT] Waiting for 12:00 PM IST candle to close | Now=06:31 IST | Candle closes 07:00 UTC
2026-07-03 05:01:51,312 [INFO]   [WAIT] Waiting for 12:00 PM IST candle to close | Now=06:31 IST | Candle closes 07:00 UTC
2026-07-03 05:02:21,323 [INFO]   [WAIT] Waiting for 12:00 PM IST candle to close | Now=06:32 IST | Candle closes 07:00 UTC
2026-07-03 05:02:51,333 [INFO]   [WAIT] Waiting for 12:00 PM IST candle to close | Now=06:32 IST | Candle closes 07:00 UTC
2026-07-03 05:03:21,336 [INFO]   [WAIT] Waiting for 12:00 PM IST candle to close | Now=06:33 IST | Candle closes 07:00 UTC
2026-07-03 05:03:51,347 [INFO]   [WAIT] Waiting for 12:00 PM IST candle to close | Now=06:33 IST | Candle closes 07:00 UTC
2026-07-03 05:04:21,358 [INFO]   [WAIT] Waiting for 12:00 PM IST candle to close | Now=06:34 IST | Candle closes 07:00 UTC
2026-07-03 05:04:51,361 [INFO]   [WAIT] Waiting for 12:00 PM IST candle to close | Now=06:34 IST | Candle closes 07:00 UTC
2026-07-03 05:05:21,372 [INFO]   [WAIT] Waiting for 12:00 PM IST candle to close | Now=06:35 IST | Candle closes 07:00 UTC
2026-07-03 05:05:51,383 [INFO]   [WAIT] Waiting for 12:00 PM IST candle to close | Now=06:35 IST | Candle closes 07:00 UTC
2026-07-03 05:06:21,385 [INFO]   [WAIT] Waiting for 12:00 PM IST candle to close | Now=06:36 IST | Candle closes 07:00 UTC
2026-07-03 05:06:51,393 [INFO]   [WAIT] Waiting for 12:00 PM IST candle to close | Now=06:36 IST | Candle closes 07:00 UTC
2026-07-03 05:07:21,404 [INFO]   [WAIT] Waiting for 12:00 PM IST candle to close | Now=06:37 IST | Candle closes 07:00 UTC
2026-07-03 05:07:51,415 [INFO]   [WAIT] Waiting for 12:00 PM IST candle to close | Now=06:37 IST | Candle closes 07:00 UTC
2026-07-03 05:08:21,421 [INFO]   [WAIT] Waiting for 12:00 PM IST candle to close | Now=06:38 IST | Candle closes 07:00 UTC
2026-07-03 05:08:51,432 [INFO]   [WAIT] Waiting for 12:00 PM IST candle to close | Now=06:38 IST | Candle closes 07:00 UTC
2026-07-03 05:09:21,443 [INFO]   [WAIT] Waiting for 12:00 PM IST candle to close | Now=06:39 IST | Candle closes 07:00 UTC
2026-07-03 05:09:51,448 [INFO]   [WAIT] Waiting for 12:00 PM IST candle to close | Now=06:39 IST | Candle closes 07:00 UTC
2026-07-03 05:10:21,456 [INFO]   [WAIT] Waiting for 12:00 PM IST candle to close | Now=06:40 IST | Candle closes 07:00 UTC
2026-07-03 05:10:51,467 [INFO]   [WAIT] Waiting for 12:00 PM IST candle to close | Now=06:40 IST | Candle closes 07:00 UTC
2026-07-03 05:11:21,478 [INFO]   [WAIT] Waiting for 12:00 PM IST candle to close | Now=06:41 IST | Candle closes 07:00 UTC
2026-07-03 05:11:51,489 [INFO]   [WAIT] Waiting for 12:00 PM IST candle to close | Now=06:41 IST | Candle closes 07:00 UTC
2026-07-03 05:12:21,491 [INFO]   [WAIT] Waiting for 12:00 PM IST candle to close | Now=06:42 IST | Candle closes 07:00 UTC
2026-07-03 05:12:51,502 [INFO]   [WAIT] Waiting for 12:00 PM IST candle to close | Now=06:42 IST | Candle closes 07:00 UTC
2026-07-03 05:13:21,505 [INFO]   [WAIT] Waiting for 12:00 PM IST candle to close | Now=06:43 IST | Candle closes 07:00 UTC
2026-07-03 05:13:51,516 [INFO]   [WAIT] Waiting for 12:00 PM IST candle to close | Now=06:43 IST | Candle closes 07:00 UTC
2026-07-03 05:14:21,527 [INFO]   [WAIT] Waiting for 12:00 PM IST candle to close | Now=06:44 IST | Candle closes 07:00 UTC
2026-07-03 05:14:51,538 [INFO]   [WAIT] Waiting for 12:00 PM IST candle to close | Now=06:44 IST | Candle closes 07:00 UTC
2026-07-03 05:15:21,549 [INFO]   [WAIT] Waiting for 12:00 PM IST candle to close | Now=06:45 IST | Candle closes 07:00 UTC
2026-07-03 05:15:51,559 [INFO]   [WAIT] Waiting for 12:00 PM IST candle to close | Now=06:45 IST | Candle closes 07:00 UTC
2026-07-03 05:16:21,570 [INFO]   [WAIT] Waiting for 12:00 PM IST candle to close | Now=06:46 IST | Candle closes 07:00 UTC
2026-07-03 05:16:51,581 [INFO]   [WAIT] Waiting for 12:00 PM IST candle to close | Now=06:46 IST | Candle closes 07:00 UTC
2026-07-03 05:17:21,592 [INFO]   [WAIT] Waiting for 12:00 PM IST candle to close | Now=06:47 IST | Candle closes 07:00 UTC
2026-07-03 05:17:51,600 [INFO]   [WAIT] Waiting for 12:00 PM IST candle to close | Now=06:47 IST | Candle closes 07:00 UTC
2026-07-03 05:18:21,611 [INFO]   [WAIT] Waiting for 12:00 PM IST candle to close | Now=06:48 IST | Candle closes 07:00 UTC
2026-07-03 05:18:51,616 [INFO]   [WAIT] Waiting for 12:00 PM IST candle to close | Now=06:48 IST | Candle closes 07:00 UTC
2026-07-03 05:19:21,617 [INFO]   [WAIT] Waiting for 12:00 PM IST candle to close | Now=06:49 IST | Candle closes 07:00 UTC
2026-07-03 05:19:51,628 [INFO]   [WAIT] Waiting for 12:00 PM IST candle to close | Now=06:49 IST | Candle closes 07:00 UTC
2026-07-03 05:20:21,639 [INFO]   [WAIT] Waiting for 12:00 PM IST candle to close | Now=06:50 IST | Candle closes 07:00 UTC
2026-07-03 05:20:51,650 [INFO]   [WAIT] Waiting for 12:00 PM IST candle to close | Now=06:50 IST | Candle closes 07:00 UTC
2026-07-03 05:21:21,661 [INFO]   [WAIT] Waiting for 12:00 PM IST candle to close | Now=06:51 IST | Candle closes 07:00 UTC
2026-07-03 05:21:51,672 [INFO]   [WAIT] Waiting for 12:00 PM IST candle to close | Now=06:51 IST | Candle closes 07:00 UTC
2026-07-03 05:22:21,683 [INFO]   [WAIT] Waiting for 12:00 PM IST candle to close | Now=06:52 IST | Candle closes 07:00 UTC
2026-07-03 05:22:51,686 [INFO]   [WAIT] Waiting for 12:00 PM IST candle to close | Now=06:52 IST | Candle closes 07:00 UTC
2026-07-03 05:23:21,696 [INFO]   [WAIT] Waiting for 12:00 PM IST candle to close | Now=06:53 IST | Candle closes 07:00 UTC
2026-07-03 05:23:51,707 [INFO]   [WAIT] Waiting for 12:00 PM IST candle to close | Now=06:53 IST | Candle closes 07:00 UTC
2026-07-03 05:24:21,718 [INFO]   [WAIT] Waiting for 12:00 PM IST candle to close | Now=06:54 IST | Candle closes 07:00 UTC
2026-07-03 05:24:51,729 [INFO]   [WAIT] Waiting for 12:00 PM IST candle to close | Now=06:54 IST | Candle closes 07:00 UTC
2026-07-03 05:25:21,740 [INFO]   [WAIT] Waiting for 12:00 PM IST candle to close | Now=06:55 IST | Candle closes 07:00 UTC
2026-07-03 05:25:51,751 [INFO]   [WAIT] Waiting for 12:00 PM IST candle to close | Now=06:55 IST | Candle closes 07:00 UTC
2026-07-03 05:26:21,761 [INFO]   [WAIT] Waiting for 12:00 PM IST candle to close | Now=06:56 IST | Candle closes 07:00 UTC
2026-07-03 05:26:51,772 [INFO]   [WAIT] Waiting for 12:00 PM IST candle to close | Now=06:56 IST | Candle closes 07:00 UTC
2026-07-03 05:27:21,783 [INFO]   [WAIT] Waiting for 12:00 PM IST candle to close | Now=06:57 IST | Candle closes 07:00 UTC
2026-07-03 05:27:51,794 [INFO]   [WAIT] Waiting for 12:00 PM IST candle to close | Now=06:57 IST | Candle closes 07:00 UTC
2026-07-03 05:28:21,805 [INFO]   [WAIT] Waiting for 12:00 PM IST candle to close | Now=06:58 IST | Candle closes 07:00 UTC
2026-07-03 05:28:51,815 [INFO]   [WAIT] Waiting for 12:00 PM IST candle to close | Now=06:58 IST | Candle closes 07:00 UTC
2026-07-03 05:29:21,826 [INFO]   [WAIT] Waiting for 12:00 PM IST candle to close | Now=06:59 IST | Candle closes 07:00 UTC
2026-07-03 05:29:51,837 [INFO]   [WAIT] Waiting for 12:00 PM IST candle to close | Now=06:59 IST | Candle closes 07:00 UTC
2026-07-03 05:30:21,848 [INFO]   [WAIT] Waiting for 12:00 PM IST candle to close | Now=07:00 IST | Candle closes 07:00 UTC
2026-07-03 05:30:51,855 [INFO]   [WAIT] Waiting for 12:00 PM IST candle to close | Now=07:00 IST | Candle closes 07:00 UTC
2026-07-03 05:31:21,865 [INFO]   [WAIT] Waiting for 12:00 PM IST candle to close | Now=07:01 IST | Candle closes 07:00 UTC
2026-07-03 05:31:51,875 [INFO]   [WAIT] Waiting for 12:00 PM IST candle to close | Now=07:01 IST | Candle closes 07:00 UTC
2026-07-03 05:32:21,886 [INFO]   [WAIT] Waiting for 12:00 PM IST candle to close | Now=07:02 IST | Candle closes 07:00 UTC
2026-07-03 05:32:51,889 [INFO]   [WAIT] Waiting for 12:00 PM IST candle to close | Now=07:02 IST | Candle closes 07:00 UTC
2026-07-03 05:33:21,900 [INFO]   [WAIT] Waiting for 12:00 PM IST candle to close | Now=07:03 IST | Candle closes 07:00 UTC
2026-07-03 05:33:51,907 [INFO]   [WAIT] Waiting for 12:00 PM IST candle to close | Now=07:03 IST | Candle closes 07:00 UTC
2026-07-03 05:34:21,910 [INFO]   [WAIT] Waiting for 12:00 PM IST candle to close | Now=07:04 IST | Candle closes 07:00 UTC
2026-07-03 05:34:51,921 [INFO]   [WAIT] Waiting for 12:00 PM IST candle to close | Now=07:04 IST | Candle closes 07:00 UTC
2026-07-03 05:35:21,932 [INFO]   [WAIT] Waiting for 12:00 PM IST candle to close | Now=07:05 IST | Candle closes 07:00 UTC
2026-07-03 05:35:51,938 [INFO]   [WAIT] Waiting for 12:00 PM IST candle to close | Now=07:05 IST | Candle closes 07:00 UTC
2026-07-03 05:36:21,939 [INFO]   [WAIT] Waiting for 12:00 PM IST candle to close | Now=07:06 IST | Candle closes 07:00 UTC
2026-07-03 05:36:51,950 [INFO]   [WAIT] Waiting for 12:00 PM IST candle to close | Now=07:06 IST | Candle closes 07:00 UTC
2026-07-03 05:37:21,961 [INFO]   [WAIT] Waiting for 12:00 PM IST candle to close | Now=07:07 IST | Candle closes 07:00 UTC
2026-07-03 05:37:51,972 [INFO]   [WAIT] Waiting for 12:00 PM IST candle to close | Now=07:07 IST | Candle closes 07:00 UTC
2026-07-03 05:38:21,975 [INFO]   [WAIT] Waiting for 12:00 PM IST candle to close | Now=07:08 IST | Candle closes 07:00 UTC
2026-07-03 05:38:51,986 [INFO]   [WAIT] Waiting for 12:00 PM IST candle to close | Now=07:08 IST | Candle closes 07:00 UTC
2026-07-03 05:39:21,997 [INFO]   [WAIT] Waiting for 12:00 PM IST candle to close | Now=07:09 IST | Candle closes 07:00 UTC
2026-07-03 05:39:52,007 [INFO]   [WAIT] Waiting for 12:00 PM IST candle to close | Now=07:09 IST | Candle closes 07:00 UTC
2026-07-03 05:40:22,017 [INFO]   [WAIT] Waiting for 12:00 PM IST candle to close | Now=07:10 IST | Candle closes 07:00 UTC
2026-07-03 05:40:52,028 [INFO]   [WAIT] Waiting for 12:00 PM IST candle to close | Now=07:10 IST | Candle closes 07:00 UTC
2026-07-03 05:41:22,039 [INFO]   [WAIT] Waiting for 12:00 PM IST candle to close | Now=07:11 IST | Candle closes 07:00 UTC
2026-07-03 05:41:52,050 [INFO]   [WAIT] Waiting for 12:00 PM IST candle to close | Now=07:11 IST | Candle closes 07:00 UTC
2026-07-03 05:42:22,058 [INFO]   [WAIT] Waiting for 12:00 PM IST candle to close | Now=07:12 IST | Candle closes 07:00 UTC
2026-07-03 05:42:52,061 [INFO]   [WAIT] Waiting for 12:00 PM IST candle to close | Now=07:12 IST | Candle closes 07:00 UTC
2026-07-03 05:43:22,072 [INFO]   [WAIT] Waiting for 12:00 PM IST candle to close | Now=07:13 IST | Candle closes 07:00 UTC
2026-07-03 05:43:52,081 [INFO]   [WAIT] Waiting for 12:00 PM IST candle to close | Now=07:13 IST | Candle closes 07:00 UTC
2026-07-03 05:44:22,090 [INFO]   [WAIT] Waiting for 12:00 PM IST candle to close | Now=07:14 IST | Candle closes 07:00 UTC
2026-07-03 05:44:52,093 [INFO]   [WAIT] Waiting for 12:00 PM IST candle to close | Now=07:14 IST | Candle closes 07:00 UTC
2026-07-03 05:45:22,101 [INFO]   [WAIT] Waiting for 12:00 PM IST candle to close | Now=07:15 IST | Candle closes 07:00 UTC
2026-07-03 05:45:52,106 [INFO]   [WAIT] Waiting for 12:00 PM IST candle to close | Now=07:15 IST | Candle closes 07:00 UTC
2026-07-03 05:46:22,109 [INFO]   [WAIT] Waiting for 12:00 PM IST candle to close | Now=07:16 IST | Candle closes 07:00 UTC
2026-07-03 05:46:52,113 [INFO]   [WAIT] Waiting for 12:00 PM IST candle to close | Now=07:16 IST | Candle closes 07:00 UTC
2026-07-03 05:47:22,124 [INFO]   [WAIT] Waiting for 12:00 PM IST candle to close | Now=07:17 IST | Candle closes 07:00 UTC
2026-07-03 05:47:52,126 [INFO]   [WAIT] Waiting for 12:00 PM IST candle to close | Now=07:17 IST | Candle closes 07:00 UTC
2026-07-03 05:48:22,137 [INFO]   [WAIT] Waiting for 12:00 PM IST candle to close | Now=07:18 IST | Candle closes 07:00 UTC
2026-07-03 05:48:52,148 [INFO]   [WAIT] Waiting for 12:00 PM IST candle to close | Now=07:18 IST | Candle closes 07:00 UTC
2026-07-03 05:49:22,159 [INFO]   [WAIT] Waiting for 12:00 PM IST candle to close | Now=07:19 IST | Candle closes 07:00 UTC
2026-07-03 05:49:52,169 [INFO]   [WAIT] Waiting for 12:00 PM IST candle to close | Now=07:19 IST | Candle closes 07:00 UTC
2026-07-03 05:50:22,179 [INFO]   [WAIT] Waiting for 12:00 PM IST candle to close | Now=07:20 IST | Candle closes 07:00 UTC
2026-07-03 05:50:52,190 [INFO]   [WAIT] Waiting for 12:00 PM IST candle to close | Now=07:20 IST | Candle closes 07:00 UTC
2026-07-03 05:51:22,201 [INFO]   [WAIT] Waiting for 12:00 PM IST candle to close | Now=07:21 IST | Candle closes 07:00 UTC
2026-07-03 05:51:52,212 [INFO]   [WAIT] Waiting for 12:00 PM IST candle to close | Now=07:21 IST | Candle closes 07:00 UTC
2026-07-03 05:52:22,222 [INFO]   [WAIT] Waiting for 12:00 PM IST candle to close | Now=07:22 IST | Candle closes 07:00 UTC
2026-07-03 05:52:52,229 [INFO]   [WAIT] Waiting for 12:00 PM IST candle to close | Now=07:22 IST | Candle closes 07:00 UTC
2026-07-03 05:53:22,238 [INFO]   [WAIT] Waiting for 12:00 PM IST candle to close | Now=07:23 IST | Candle closes 07:00 UTC
2026-07-03 05:53:52,241 [INFO]   [WAIT] Waiting for 12:00 PM IST candle to close | Now=07:23 IST | Candle closes 07:00 UTC
2026-07-03 05:54:22,251 [INFO]   [WAIT] Waiting for 12:00 PM IST candle to close | Now=07:24 IST | Candle closes 07:00 UTC
2026-07-03 05:54:52,254 [INFO]   [WAIT] Waiting for 12:00 PM IST candle to close | Now=07:24 IST | Candle closes 07:00 UTC
2026-07-03 05:55:22,265 [INFO]   [WAIT] Waiting for 12:00 PM IST candle to close | Now=07:25 IST | Candle closes 07:00 UTC
2026-07-03 05:55:52,271 [INFO]   [WAIT] Waiting for 12:00 PM IST candle to close | Now=07:25 IST | Candle closes 07:00 UTC
2026-07-03 05:56:22,273 [INFO]   [WAIT] Waiting for 12:00 PM IST candle to close | Now=07:26 IST | Candle closes 07:00 UTC
2026-07-03 05:56:52,276 [INFO]   [WAIT] Waiting for 12:00 PM IST candle to close | Now=07:26 IST | Candle closes 07:00 UTC
2026-07-03 05:57:22,279 [INFO]   [WAIT] Waiting for 12:00 PM IST candle to close | Now=07:27 IST | Candle closes 07:00 UTC
2026-07-03 05:57:52,289 [INFO]   [WAIT] Waiting for 12:00 PM IST candle to close | Now=07:27 IST | Candle closes 07:00 UTC
2026-07-03 05:58:22,300 [INFO]   [WAIT] Waiting for 12:00 PM IST candle to close | Now=07:28 IST | Candle closes 07:00 UTC
2026-07-03 05:58:52,303 [INFO]   [WAIT] Waiting for 12:00 PM IST candle to close | Now=07:28 IST | Candle closes 07:00 UTC
2026-07-03 05:59:22,314 [INFO]   [WAIT] Waiting for 12:00 PM IST candle to close | Now=07:29 IST | Candle closes 07:00 UTC
2026-07-03 05:59:52,324 [INFO]   [WAIT] Waiting for 12:00 PM IST candle to close | Now=07:29 IST | Candle closes 07:00 UTC
2026-07-03 06:00:22,333 [INFO]   [WAIT] Waiting for 12:00 PM IST candle to close | Now=07:30 IST | Candle closes 07:00 UTC
2026-07-03 06:00:52,344 [INFO]   [WAIT] Waiting for 12:00 PM IST candle to close | Now=07:30 IST | Candle closes 07:00 UTC
2026-07-03 06:01:22,350 [INFO]   [WAIT] Waiting for 12:00 PM IST candle to close | Now=07:31 IST | Candle closes 07:00 UTC
2026-07-03 06:01:52,361 [INFO]   [WAIT] Waiting for 12:00 PM IST candle to close | Now=07:31 IST | Candle closes 07:00 UTC
2026-07-03 06:02:22,372 [INFO]   [WAIT] Waiting for 12:00 PM IST candle to close | Now=07:32 IST | Candle closes 07:00 UTC
2026-07-03 06:02:52,374 [INFO]   [WAIT] Waiting for 12:00 PM IST candle to close | Now=07:32 IST | Candle closes 07:00 UTC
2026-07-03 06:03:22,385 [INFO]   [WAIT] Waiting for 12:00 PM IST candle to close | Now=07:33 IST | Candle closes 07:00 UTC
2026-07-03 06:03:52,392 [INFO]   [WAIT] Waiting for 12:00 PM IST candle to close | Now=07:33 IST | Candle closes 07:00 UTC
2026-07-03 06:04:22,395 [INFO]   [WAIT] Waiting for 12:00 PM IST candle to close | Now=07:34 IST | Candle closes 07:00 UTC
2026-07-03 06:04:52,406 [INFO]   [WAIT] Waiting for 12:00 PM IST candle to close | Now=07:34 IST | Candle closes 07:00 UTC
2026-07-03 06:05:22,417 [INFO]   [WAIT] Waiting for 12:00 PM IST candle to close | Now=07:35 IST | Candle closes 07:00 UTC
2026-07-03 06:05:52,427 [INFO]   [WAIT] Waiting for 12:00 PM IST candle to close | Now=07:35 IST | Candle closes 07:00 UTC
2026-07-03 06:06:22,437 [INFO]   [WAIT] Waiting for 12:00 PM IST candle to close | Now=07:36 IST | Candle closes 07:00 UTC
2026-07-03 06:06:52,448 [INFO]   [WAIT] Waiting for 12:00 PM IST candle to close | Now=07:36 IST | Candle closes 07:00 UTC
2026-07-03 06:07:22,459 [INFO]   [WAIT] Waiting for 12:00 PM IST candle to close | Now=07:37 IST | Candle closes 07:00 UTC
2026-07-03 06:07:52,462 [INFO]   [WAIT] Waiting for 12:00 PM IST candle to close | Now=07:37 IST | Candle closes 07:00 UTC
2026-07-03 06:08:22,464 [INFO]   [WAIT] Waiting for 12:00 PM IST candle to close | Now=07:38 IST | Candle closes 07:00 UTC
2026-07-03 06:08:52,475 [INFO]   [WAIT] Waiting for 12:00 PM IST candle to close | Now=07:38 IST | Candle closes 07:00 UTC
2026-07-03 06:09:22,482 [INFO]   [WAIT] Waiting for 12:00 PM IST candle to close | Now=07:39 IST | Candle closes 07:00 UTC
2026-07-03 06:09:52,493 [INFO]   [WAIT] Waiting for 12:00 PM IST candle to close | Now=07:39 IST | Candle closes 07:00 UTC
2026-07-03 06:10:22,496 [INFO]   [WAIT] Waiting for 12:00 PM IST candle to close | Now=07:40 IST | Candle closes 07:00 UTC
2026-07-03 06:10:52,507 [INFO]   [WAIT] Waiting for 12:00 PM IST candle to close | Now=07:40 IST | Candle closes 07:00 UTC
2026-07-03 06:11:22,518 [INFO]   [WAIT] Waiting for 12:00 PM IST candle to close | Now=07:41 IST | Candle closes 07:00 UTC
2026-07-03 06:11:52,525 [INFO]   [WAIT] Waiting for 12:00 PM IST candle to close | Now=07:41 IST | Candle closes 07:00 UTC
2026-07-03 06:12:22,532 [INFO]   [WAIT] Waiting for 12:00 PM IST candle to close | Now=07:42 IST | Candle closes 07:00 UTC
2026-07-03 06:12:52,543 [INFO]   [WAIT] Waiting for 12:00 PM IST candle to close | Now=07:42 IST | Candle closes 07:00 UTC
2026-07-03 06:13:22,554 [INFO]   [WAIT] Waiting for 12:00 PM IST candle to close | Now=07:43 IST | Candle closes 07:00 UTC
2026-07-03 06:13:52,563 [INFO]   [WAIT] Waiting for 12:00 PM IST candle to close | Now=07:43 IST | Candle closes 07:00 UTC
2026-07-03 06:14:22,570 [INFO]   [WAIT] Waiting for 12:00 PM IST candle to close | Now=07:44 IST | Candle closes 07:00 UTC
2026-07-03 06:14:52,576 [INFO]   [WAIT] Waiting for 12:00 PM IST candle to close | Now=07:44 IST | Candle closes 07:00 UTC
2026-07-03 06:15:22,587 [INFO]   [WAIT] Waiting for 12:00 PM IST candle to close | Now=07:45 IST | Candle closes 07:00 UTC
2026-07-03 06:15:52,596 [INFO]   [WAIT] Waiting for 12:00 PM IST candle to close | Now=07:45 IST | Candle closes 07:00 UTC
2026-07-03 06:16:22,600 [INFO]   [WAIT] Waiting for 12:00 PM IST candle to close | Now=07:46 IST | Candle closes 07:00 UTC
2026-07-03 06:16:52,608 [INFO]   [WAIT] Waiting for 12:00 PM IST candle to close | Now=07:46 IST | Candle closes 07:00 UTC
2026-07-03 06:17:22,619 [INFO]   [WAIT] Waiting for 12:00 PM IST candle to close | Now=07:47 IST | Candle closes 07:00 UTC
2026-07-03 06:17:52,630 [INFO]   [WAIT] Waiting for 12:00 PM IST candle to close | Now=07:47 IST | Candle closes 07:00 UTC
2026-07-03 06:18:22,641 [INFO]   [WAIT] Waiting for 12:00 PM IST candle to close | Now=07:48 IST | Candle closes 07:00 UTC
2026-07-03 06:18:52,652 [INFO]   [WAIT] Waiting for 12:00 PM IST candle to close | Now=07:48 IST | Candle closes 07:00 UTC
2026-07-03 06:19:22,663 [INFO]   [WAIT] Waiting for 12:00 PM IST candle to close | Now=07:49 IST | Candle closes 07:00 UTC
2026-07-03 06:19:52,668 [INFO]   [WAIT] Waiting for 12:00 PM IST candle to close | Now=07:49 IST | Candle closes 07:00 UTC
2026-07-03 06:20:22,679 [INFO]   [WAIT] Waiting for 12:00 PM IST candle to close | Now=07:50 IST | Candle closes 07:00 UTC
2026-07-03 06:20:52,687 [INFO]   [WAIT] Waiting for 12:00 PM IST candle to close | Now=07:50 IST | Candle closes 07:00 UTC
2026-07-03 06:21:22,698 [INFO]   [WAIT] Waiting for 12:00 PM IST candle to close | Now=07:51 IST | Candle closes 07:00 UTC
2026-07-03 06:21:52,709 [INFO]   [WAIT] Waiting for 12:00 PM IST candle to close | Now=07:51 IST | Candle closes 07:00 UTC
2026-07-03 06:22:22,719 [INFO]   [WAIT] Waiting for 12:00 PM IST candle to close | Now=07:52 IST | Candle closes 07:00 UTC
2026-07-03 06:22:52,730 [INFO]   [WAIT] Waiting for 12:00 PM IST candle to close | Now=07:52 IST | Candle closes 07:00 UTC
2026-07-03 06:23:22,735 [INFO]   [WAIT] Waiting for 12:00 PM IST candle to close | Now=07:53 IST | Candle closes 07:00 UTC
2026-07-03 06:23:52,737 [INFO]   [WAIT] Waiting for 12:00 PM IST candle to close | Now=07:53 IST | Candle closes 07:00 UTC
2026-07-03 06:24:22,748 [INFO]   [WAIT] Waiting for 12:00 PM IST candle to close | Now=07:54 IST | Candle closes 07:00 UTC
2026-07-03 06:24:52,759 [INFO]   [WAIT] Waiting for 12:00 PM IST candle to close | Now=07:54 IST | Candle closes 07:00 UTC
2026-07-03 06:25:22,769 [INFO]   [WAIT] Waiting for 12:00 PM IST candle to close | Now=07:55 IST | Candle closes 07:00 UTC
2026-07-03 06:25:52,779 [INFO]   [WAIT] Waiting for 12:00 PM IST candle to close | Now=07:55 IST | Candle closes 07:00 UTC
2026-07-03 06:26:22,790 [INFO]   [WAIT] Waiting for 12:00 PM IST candle to close | Now=07:56 IST | Candle closes 07:00 UTC
2026-07-03 06:26:52,801 [INFO]   [WAIT] Waiting for 12:00 PM IST candle to close | Now=07:56 IST | Candle closes 07:00 UTC
2026-07-03 06:27:22,809 [INFO]   [WAIT] Waiting for 12:00 PM IST candle to close | Now=07:57 IST | Candle closes 07:00 UTC
2026-07-03 06:27:52,820 [INFO]   [WAIT] Waiting for 12:00 PM IST candle to close | Now=07:57 IST | Candle closes 07:00 UTC
2026-07-03 06:28:22,831 [INFO]   [WAIT] Waiting for 12:00 PM IST candle to close | Now=07:58 IST | Candle closes 07:00 UTC
2026-07-03 06:28:52,836 [INFO]   [WAIT] Waiting for 12:00 PM IST candle to close | Now=07:58 IST | Candle closes 07:00 UTC
2026-07-03 06:29:22,847 [INFO]   [WAIT] Waiting for 12:00 PM IST candle to close | Now=07:59 IST | Candle closes 07:00 UTC
2026-07-03 06:29:52,849 [INFO]   [WAIT] Waiting for 12:00 PM IST candle to close | Now=07:59 IST | Candle closes 07:00 UTC
2026-07-03 06:30:22,860 [INFO]   [WAIT] Waiting for 12:00 PM IST candle to close | Now=08:00 IST | Candle closes 07:00 UTC
2026-07-03 06:30:52,863 [INFO]   [WAIT] Waiting for 12:00 PM IST candle to close | Now=08:00 IST | Candle closes 07:00 UTC
2026-07-03 06:31:22,874 [INFO]   [WAIT] Waiting for 12:00 PM IST candle to close | Now=08:01 IST | Candle closes 07:00 UTC
2026-07-03 06:31:52,883 [INFO]   [WAIT] Waiting for 12:00 PM IST candle to close | Now=08:01 IST | Candle closes 07:00 UTC
2026-07-03 06:32:22,886 [INFO]   [WAIT] Waiting for 12:00 PM IST candle to close | Now=08:02 IST | Candle closes 07:00 UTC
2026-07-03 06:32:52,889 [INFO]   [WAIT] Waiting for 12:00 PM IST candle to close | Now=08:02 IST | Candle closes 07:00 UTC
2026-07-03 06:33:22,891 [INFO]   [WAIT] Waiting for 12:00 PM IST candle to close | Now=08:03 IST | Candle closes 07:00 UTC
2026-07-03 06:33:52,901 [INFO]   [WAIT] Waiting for 12:00 PM IST candle to close | Now=08:03 IST | Candle closes 07:00 UTC
2026-07-03 06:34:22,909 [INFO]   [WAIT] Waiting for 12:00 PM IST candle to close | Now=08:04 IST | Candle closes 07:00 UTC
2026-07-03 06:34:52,920 [INFO]   [WAIT] Waiting for 12:00 PM IST candle to close | Now=08:04 IST | Candle closes 07:00 UTC
2026-07-03 06:35:22,927 [INFO]   [WAIT] Waiting for 12:00 PM IST candle to close | Now=08:05 IST | Candle closes 07:00 UTC
2026-07-03 06:35:52,937 [INFO]   [WAIT] Waiting for 12:00 PM IST candle to close | Now=08:05 IST | Candle closes 07:00 UTC
2026-07-03 06:36:22,948 [INFO]   [WAIT] Waiting for 12:00 PM IST candle to close | Now=08:06 IST | Candle closes 07:00 UTC
2026-07-03 06:36:52,959 [INFO]   [WAIT] Waiting for 12:00 PM IST candle to close | Now=08:06 IST | Candle closes 07:00 UTC
2026-07-03 06:37:22,962 [INFO]   [WAIT] Waiting for 12:00 PM IST candle to close | Now=08:07 IST | Candle closes 07:00 UTC
2026-07-03 06:37:52,964 [INFO]   [WAIT] Waiting for 12:00 PM IST candle to close | Now=08:07 IST | Candle closes 07:00 UTC
2026-07-03 06:38:22,968 [INFO]   [WAIT] Waiting for 12:00 PM IST candle to close | Now=08:08 IST | Candle closes 07:00 UTC
2026-07-03 06:38:52,979 [INFO]   [WAIT] Waiting for 12:00 PM IST candle to close | Now=08:08 IST | Candle closes 07:00 UTC
2026-07-03 06:39:22,984 [INFO]   [WAIT] Waiting for 12:00 PM IST candle to close | Now=08:09 IST | Candle closes 07:00 UTC
2026-07-03 06:39:52,995 [INFO]   [WAIT] Waiting for 12:00 PM IST candle to close | Now=08:09 IST | Candle closes 07:00 UTC
2026-07-03 06:40:22,997 [INFO]   [WAIT] Waiting for 12:00 PM IST candle to close | Now=08:10 IST | Candle closes 07:00 UTC
2026-07-03 06:40:53,008 [INFO]   [WAIT] Waiting for 12:00 PM IST candle to close | Now=08:10 IST | Candle closes 07:00 UTC
2026-07-03 06:41:23,019 [INFO]   [WAIT] Waiting for 12:00 PM IST candle to close | Now=08:11 IST | Candle closes 07:00 UTC
2026-07-03 06:41:53,025 [INFO]   [WAIT] Waiting for 12:00 PM IST candle to close | Now=08:11 IST | Candle closes 07:00 UTC
2026-07-03 06:42:23,036 [INFO]   [WAIT] Waiting for 12:00 PM IST candle to close | Now=08:12 IST | Candle closes 07:00 UTC
2026-07-03 06:42:53,047 [INFO]   [WAIT] Waiting for 12:00 PM IST candle to close | Now=08:12 IST | Candle closes 07:00 UTC
2026-07-03 06:43:23,051 [INFO]   [WAIT] Waiting for 12:00 PM IST candle to close | Now=08:13 IST | Candle closes 07:00 UTC
2026-07-03 06:43:53,060 [INFO]   [WAIT] Waiting for 12:00 PM IST candle to close | Now=08:13 IST | Candle closes 07:00 UTC
2026-07-03 06:44:23,063 [INFO]   [WAIT] Waiting for 12:00 PM IST candle to close | Now=08:14 IST | Candle closes 07:00 UTC
2026-07-03 06:44:53,074 [INFO]   [WAIT] Waiting for 12:00 PM IST candle to close | Now=08:14 IST | Candle closes 07:00 UTC
2026-07-03 06:45:23,082 [INFO]   [WAIT] Waiting for 12:00 PM IST candle to close | Now=08:15 IST | Candle closes 07:00 UTC
2026-07-03 06:45:53,093 [INFO]   [WAIT] Waiting for 12:00 PM IST candle to close | Now=08:15 IST | Candle closes 07:00 UTC
2026-07-03 06:46:23,100 [INFO]   [WAIT] Waiting for 12:00 PM IST candle to close | Now=08:16 IST | Candle closes 07:00 UTC
2026-07-03 06:46:53,111 [INFO]   [WAIT] Waiting for 12:00 PM IST candle to close | Now=08:16 IST | Candle closes 07:00 UTC
2026-07-03 06:47:23,122 [INFO]   [WAIT] Waiting for 12:00 PM IST candle to close | Now=08:17 IST | Candle closes 07:00 UTC
2026-07-03 06:47:53,124 [INFO]   [WAIT] Waiting for 12:00 PM IST candle to close | Now=08:17 IST | Candle closes 07:00 UTC
2026-07-03 06:48:23,135 [INFO]   [WAIT] Waiting for 12:00 PM IST candle to close | Now=08:18 IST | Candle closes 07:00 UTC
2026-07-03 06:48:53,137 [INFO]   [WAIT] Waiting for 12:00 PM IST candle to close | Now=08:18 IST | Candle closes 07:00 UTC
2026-07-03 06:49:23,148 [INFO]   [WAIT] Waiting for 12:00 PM IST candle to close | Now=08:19 IST | Candle closes 07:00 UTC
2026-07-03 06:49:53,159 [INFO]   [WAIT] Waiting for 12:00 PM IST candle to close | Now=08:19 IST | Candle closes 07:00 UTC
2026-07-03 06:50:23,167 [INFO]   [WAIT] Waiting for 12:00 PM IST candle to close | Now=08:20 IST | Candle closes 07:00 UTC
2026-07-03 06:50:53,169 [INFO]   [WAIT] Waiting for 12:00 PM IST candle to close | Now=08:20 IST | Candle closes 07:00 UTC
2026-07-03 06:51:23,172 [INFO]   [WAIT] Waiting for 12:00 PM IST candle to close | Now=08:21 IST | Candle closes 07:00 UTC
2026-07-03 06:51:53,183 [INFO]   [WAIT] Waiting for 12:00 PM IST candle to close | Now=08:21 IST | Candle closes 07:00 UTC
2026-07-03 06:52:23,186 [INFO]   [WAIT] Waiting for 12:00 PM IST candle to close | Now=08:22 IST | Candle closes 07:00 UTC
2026-07-03 06:52:53,190 [INFO]   [WAIT] Waiting for 12:00 PM IST candle to close | Now=08:22 IST | Candle closes 07:00 UTC
2026-07-03 06:53:23,201 [INFO]   [WAIT] Waiting for 12:00 PM IST candle to close | Now=08:23 IST | Candle closes 07:00 UTC
2026-07-03 06:53:53,212 [INFO]   [WAIT] Waiting for 12:00 PM IST candle to close | Now=08:23 IST | Candle closes 07:00 UTC
2026-07-03 06:54:23,223 [INFO]   [WAIT] Waiting for 12:00 PM IST candle to close | Now=08:24 IST | Candle closes 07:00 UTC
2026-07-03 06:54:53,226 [INFO]   [WAIT] Waiting for 12:00 PM IST candle to close | Now=08:24 IST | Candle closes 07:00 UTC
2026-07-03 06:55:23,229 [INFO]   [WAIT] Waiting for 12:00 PM IST candle to close | Now=08:25 IST | Candle closes 07:00 UTC
2026-07-03 06:55:53,239 [INFO]   [WAIT] Waiting for 12:00 PM IST candle to close | Now=08:25 IST | Candle closes 07:00 UTC
2026-07-03 06:56:23,249 [INFO]   [WAIT] Waiting for 12:00 PM IST candle to close | Now=08:26 IST | Candle closes 07:00 UTC
2026-07-03 06:56:53,260 [INFO]   [WAIT] Waiting for 12:00 PM IST candle to close | Now=08:26 IST | Candle closes 07:00 UTC
2026-07-03 06:57:23,271 [INFO]   [WAIT] Waiting for 12:00 PM IST candle to close | Now=08:27 IST | Candle closes 07:00 UTC
2026-07-03 06:57:53,281 [INFO]   [WAIT] Waiting for 12:00 PM IST candle to close | Now=08:27 IST | Candle closes 07:00 UTC
2026-07-03 06:58:23,290 [INFO]   [WAIT] Waiting for 12:00 PM IST candle to close | Now=08:28 IST | Candle closes 07:00 UTC
2026-07-03 06:58:53,293 [INFO]   [WAIT] Waiting for 12:00 PM IST candle to close | Now=08:28 IST | Candle closes 07:00 UTC
2026-07-03 06:59:23,296 [INFO]   [WAIT] Waiting for 12:00 PM IST candle to close | Now=08:29 IST | Candle closes 07:00 UTC
2026-07-03 06:59:53,299 [INFO]   [WAIT] Waiting for 12:00 PM IST candle to close | Now=08:29 IST | Candle closes 07:00 UTC
2026-07-03 07:00:23,302 [INFO]   [WAIT] Waiting for 12:00 PM IST candle to close | Now=08:30 IST | Candle closes 07:00 UTC
2026-07-03 07:00:53,312 [INFO]   [WAIT] Waiting for 12:00 PM IST candle to close | Now=08:30 IST | Candle closes 07:00 UTC
2026-07-03 07:01:23,323 [INFO]   [WAIT] Waiting for 12:00 PM IST candle to close | Now=08:31 IST | Candle closes 07:00 UTC
2026-07-03 07:01:53,334 [INFO]   [WAIT] Waiting for 12:00 PM IST candle to close | Now=08:31 IST | Candle closes 07:00 UTC
2026-07-03 07:02:23,345 [INFO]   [WAIT] Waiting for 12:00 PM IST candle to close | Now=08:32 IST | Candle closes 07:00 UTC
2026-07-03 07:02:53,356 [INFO]   [WAIT] Waiting for 12:00 PM IST candle to close | Now=08:32 IST | Candle closes 07:00 UTC
2026-07-03 07:03:23,367 [INFO]   [WAIT] Waiting for 12:00 PM IST candle to close | Now=08:33 IST | Candle closes 07:00 UTC
2026-07-03 07:03:53,378 [INFO]   [WAIT] Waiting for 12:00 PM IST candle to close | Now=08:33 IST | Candle closes 07:00 UTC
2026-07-03 07:04:23,389 [INFO]   [WAIT] Waiting for 12:00 PM IST candle to close | Now=08:34 IST | Candle closes 07:00 UTC
2026-07-03 07:04:53,395 [INFO]   [WAIT] Waiting for 12:00 PM IST candle to close | Now=08:34 IST | Candle closes 07:00 UTC
2026-07-03 07:05:23,397 [INFO]   [WAIT] Waiting for 12:00 PM IST candle to close | Now=08:35 IST | Candle closes 07:00 UTC
2026-07-03 07:05:53,400 [INFO]   [WAIT] Waiting for 12:00 PM IST candle to close | Now=08:35 IST | Candle closes 07:00 UTC
2026-07-03 07:06:23,411 [INFO]   [WAIT] Waiting for 12:00 PM IST candle to close | Now=08:36 IST | Candle closes 07:00 UTC
2026-07-03 07:06:53,422 [INFO]   [WAIT] Waiting for 12:00 PM IST candle to close | Now=08:36 IST | Candle closes 07:00 UTC
2026-07-03 07:07:23,433 [INFO]   [WAIT] Waiting for 12:00 PM IST candle to close | Now=08:37 IST | Candle closes 07:00 UTC
2026-07-03 07:07:53,435 [INFO]   [WAIT] Waiting for 12:00 PM IST candle to close | Now=08:37 IST | Candle closes 07:00 UTC
2026-07-03 07:08:23,442 [INFO]   [WAIT] Waiting for 12:00 PM IST candle to close | Now=08:38 IST | Candle closes 07:00 UTC
2026-07-03 07:08:53,445 [INFO]   [WAIT] Waiting for 12:00 PM IST candle to close | Now=08:38 IST | Candle closes 07:00 UTC
2026-07-03 07:09:23,454 [INFO]   [WAIT] Waiting for 12:00 PM IST candle to close | Now=08:39 IST | Candle closes 07:00 UTC
2026-07-03 07:09:53,465 [INFO]   [WAIT] Waiting for 12:00 PM IST candle to close | Now=08:39 IST | Candle closes 07:00 UTC
2026-07-03 07:10:23,476 [INFO]   [WAIT] Waiting for 12:00 PM IST candle to close | Now=08:40 IST | Candle closes 07:00 UTC
2026-07-03 07:10:53,478 [INFO]   [WAIT] Waiting for 12:00 PM IST candle to close | Now=08:40 IST | Candle closes 07:00 UTC
2026-07-03 07:11:23,489 [INFO]   [WAIT] Waiting for 12:00 PM IST candle to close | Now=08:41 IST | Candle closes 07:00 UTC
2026-07-03 07:11:53,500 [INFO]   [WAIT] Waiting for 12:00 PM IST candle to close | Now=08:41 IST | Candle closes 07:00 UTC
2026-07-03 07:12:23,501 [INFO]   [WAIT] Waiting for 12:00 PM IST candle to close | Now=08:42 IST | Candle closes 07:00 UTC
2026-07-03 07:12:53,505 [INFO]   [WAIT] Waiting for 12:00 PM IST candle to close | Now=08:42 IST | Candle closes 07:00 UTC
2026-07-03 07:13:23,511 [INFO]   [WAIT] Waiting for 12:00 PM IST candle to close | Now=08:43 IST | Candle closes 07:00 UTC
2026-07-03 07:13:53,522 [INFO]   [WAIT] Waiting for 12:00 PM IST candle to close | Now=08:43 IST | Candle closes 07:00 UTC
2026-07-03 07:14:23,533 [INFO]   [WAIT] Waiting for 12:00 PM IST candle to close | Now=08:44 IST | Candle closes 07:00 UTC
2026-07-03 07:14:53,544 [INFO]   [WAIT] Waiting for 12:00 PM IST candle to close | Now=08:44 IST | Candle closes 07:00 UTC
2026-07-03 07:15:23,554 [INFO]   [WAIT] Waiting for 12:00 PM IST candle to close | Now=08:45 IST | Candle closes 07:00 UTC
2026-07-03 07:15:53,565 [INFO]   [WAIT] Waiting for 12:00 PM IST candle to close | Now=08:45 IST | Candle closes 07:00 UTC
2026-07-03 07:16:23,576 [INFO]   [WAIT] Waiting for 12:00 PM IST candle to close | Now=08:46 IST | Candle closes 07:00 UTC
2026-07-03 07:16:53,586 [INFO]   [WAIT] Waiting for 12:00 PM IST candle to close | Now=08:46 IST | Candle closes 07:00 UTC
2026-07-03 07:17:23,596 [INFO]   [WAIT] Waiting for 12:00 PM IST candle to close | Now=08:47 IST | Candle closes 07:00 UTC
2026-07-03 07:17:53,607 [INFO]   [WAIT] Waiting for 12:00 PM IST candle to close | Now=08:47 IST | Candle closes 07:00 UTC
2026-07-03 07:18:23,618 [INFO]   [WAIT] Waiting for 12:00 PM IST candle to close | Now=08:48 IST | Candle closes 07:00 UTC
2026-07-03 07:18:53,629 [INFO]   [WAIT] Waiting for 12:00 PM IST candle to close | Now=08:48 IST | Candle closes 07:00 UTC
2026-07-03 07:19:23,631 [INFO]   [WAIT] Waiting for 12:00 PM IST candle to close | Now=08:49 IST | Candle closes 07:00 UTC
2026-07-03 07:19:53,642 [INFO]   [WAIT] Waiting for 12:00 PM IST candle to close | Now=08:49 IST | Candle closes 07:00 UTC
2026-07-03 07:20:23,644 [INFO]   [WAIT] Waiting for 12:00 PM IST candle to close | Now=08:50 IST | Candle closes 07:00 UTC
2026-07-03 07:20:53,655 [INFO]   [WAIT] Waiting for 12:00 PM IST candle to close | Now=08:50 IST | Candle closes 07:00 UTC
2026-07-03 07:21:23,658 [INFO]   [WAIT] Waiting for 12:00 PM IST candle to close | Now=08:51 IST | Candle closes 07:00 UTC
2026-07-03 07:21:53,661 [INFO]   [WAIT] Waiting for 12:00 PM IST candle to close | Now=08:51 IST | Candle closes 07:00 UTC
2026-07-03 07:22:23,664 [INFO]   [WAIT] Waiting for 12:00 PM IST candle to close | Now=08:52 IST | Candle closes 07:00 UTC
2026-07-03 07:22:53,674 [INFO]   [WAIT] Waiting for 12:00 PM IST candle to close | Now=08:52 IST | Candle closes 07:00 UTC
2026-07-03 07:23:23,685 [INFO]   [WAIT] Waiting for 12:00 PM IST candle to close | Now=08:53 IST | Candle closes 07:00 UTC
2026-07-03 07:23:53,695 [INFO]   [WAIT] Waiting for 12:00 PM IST candle to close | Now=08:53 IST | Candle closes 07:00 UTC
2026-07-03 07:24:23,706 [INFO]   [WAIT] Waiting for 12:00 PM IST candle to close | Now=08:54 IST | Candle closes 07:00 UTC
2026-07-03 07:24:53,717 [INFO]   [WAIT] Waiting for 12:00 PM IST candle to close | Now=08:54 IST | Candle closes 07:00 UTC
2026-07-03 07:25:23,718 [INFO]   [WAIT] Waiting for 12:00 PM IST candle to close | Now=08:55 IST | Candle closes 07:00 UTC
2026-07-03 07:25:53,727 [INFO]   [WAIT] Waiting for 12:00 PM IST candle to close | Now=08:55 IST | Candle closes 07:00 UTC
2026-07-03 07:26:23,737 [INFO]   [WAIT] Waiting for 12:00 PM IST candle to close | Now=08:56 IST | Candle closes 07:00 UTC
2026-07-03 07:26:53,748 [INFO]   [WAIT] Waiting for 12:00 PM IST candle to close | Now=08:56 IST | Candle closes 07:00 UTC
2026-07-03 07:27:23,754 [INFO]   [WAIT] Waiting for 12:00 PM IST candle to close | Now=08:57 IST | Candle closes 07:00 UTC
2026-07-03 07:27:53,765 [INFO]   [WAIT] Waiting for 12:00 PM IST candle to close | Now=08:57 IST | Candle closes 07:00 UTC
2026-07-03 07:28:23,768 [INFO]   [WAIT] Waiting for 12:00 PM IST candle to close | Now=08:58 IST | Candle closes 07:00 UTC
2026-07-03 07:28:53,778 [INFO]   [WAIT] Waiting for 12:00 PM IST candle to close | Now=08:58 IST | Candle closes 07:00 UTC
2026-07-03 07:29:23,789 [INFO]   [WAIT] Waiting for 12:00 PM IST candle to close | Now=08:59 IST | Candle closes 07:00 UTC
2026-07-03 07:29:53,800 [INFO]   [WAIT] Waiting for 12:00 PM IST candle to close | Now=08:59 IST | Candle closes 07:00 UTC
2026-07-03 07:30:23,803 [INFO]   [WAIT] Waiting for 12:00 PM IST candle to close | Now=09:00 IST | Candle closes 07:00 UTC
2026-07-03 07:30:53,814 [INFO]   [WAIT] Waiting for 12:00 PM IST candle to close | Now=09:00 IST | Candle closes 07:00 UTC
2026-07-03 07:31:23,818 [INFO]   [WAIT] Waiting for 12:00 PM IST candle to close | Now=09:01 IST | Candle closes 07:00 UTC
2026-07-03 07:31:53,829 [INFO]   [WAIT] Waiting for 12:00 PM IST candle to close | Now=09:01 IST | Candle closes 07:00 UTC
2026-07-03 07:32:23,839 [INFO]   [WAIT] Waiting for 12:00 PM IST candle to close | Now=09:02 IST | Candle closes 07:00 UTC
2026-07-03 07:32:53,850 [INFO]   [WAIT] Waiting for 12:00 PM IST candle to close | Now=09:02 IST | Candle closes 07:00 UTC
2026-07-03 07:33:23,857 [INFO]   [WAIT] Waiting for 12:00 PM IST candle to close | Now=09:03 IST | Candle closes 07:00 UTC
2026-07-03 07:33:53,868 [INFO]   [WAIT] Waiting for 12:00 PM IST candle to close | Now=09:03 IST | Candle closes 07:00 UTC
2026-07-03 07:34:23,874 [INFO]   [WAIT] Waiting for 12:00 PM IST candle to close | Now=09:04 IST | Candle closes 07:00 UTC
2026-07-03 07:34:53,885 [INFO]   [WAIT] Waiting for 12:00 PM IST candle to close | Now=09:04 IST | Candle closes 07:00 UTC
2026-07-03 07:35:23,896 [INFO]   [WAIT] Waiting for 12:00 PM IST candle to close | Now=09:05 IST | Candle closes 07:00 UTC
2026-07-03 07:35:53,906 [INFO]   [WAIT] Waiting for 12:00 PM IST candle to close | Now=09:05 IST | Candle closes 07:00 UTC
2026-07-03 07:36:23,917 [INFO]   [WAIT] Waiting for 12:00 PM IST candle to close | Now=09:06 IST | Candle closes 07:00 UTC
2026-07-03 07:36:53,928 [INFO]   [WAIT] Waiting for 12:00 PM IST candle to close | Now=09:06 IST | Candle closes 07:00 UTC
2026-07-03 07:37:23,931 [INFO]   [WAIT] Waiting for 12:00 PM IST candle to close | Now=09:07 IST | Candle closes 07:00 UTC
2026-07-03 07:37:53,942 [INFO]   [WAIT] Waiting for 12:00 PM IST candle to close | Now=09:07 IST | Candle closes 07:00 UTC
2026-07-03 07:38:23,947 [INFO]   [WAIT] Waiting for 12:00 PM IST candle to close | Now=09:08 IST | Candle closes 07:00 UTC
2026-07-03 07:38:53,958 [INFO]   [WAIT] Waiting for 12:00 PM IST candle to close | Now=09:08 IST | Candle closes 07:00 UTC
2026-07-03 07:39:23,969 [INFO]   [WAIT] Waiting for 12:00 PM IST candle to close | Now=09:09 IST | Candle closes 07:00 UTC
2026-07-03 07:39:53,980 [INFO]   [WAIT] Waiting for 12:00 PM IST candle to close | Now=09:09 IST | Candle closes 07:00 UTC
2026-07-03 07:40:23,984 [INFO]   [WAIT] Waiting for 12:00 PM IST candle to close | Now=09:10 IST | Candle closes 07:00 UTC
2026-07-03 07:40:53,995 [INFO]   [WAIT] Waiting for 12:00 PM IST candle to close | Now=09:10 IST | Candle closes 07:00 UTC
2026-07-03 07:41:24,006 [INFO]   [WAIT] Waiting for 12:00 PM IST candle to close | Now=09:11 IST | Candle closes 07:00 UTC
2026-07-03 07:41:54,017 [INFO]   [WAIT] Waiting for 12:00 PM IST candle to close | Now=09:11 IST | Candle closes 07:00 UTC
2026-07-03 07:42:24,020 [INFO]   [WAIT] Waiting for 12:00 PM IST candle to close | Now=09:12 IST | Candle closes 07:00 UTC
2026-07-03 07:42:54,031 [INFO]   [WAIT] Waiting for 12:00 PM IST candle to close | Now=09:12 IST | Candle closes 07:00 UTC
2026-07-03 07:43:24,042 [INFO]   [WAIT] Waiting for 12:00 PM IST candle to close | Now=09:13 IST | Candle closes 07:00 UTC
2026-07-03 07:43:54,053 [INFO]   [WAIT] Waiting for 12:00 PM IST candle to close | Now=09:13 IST | Candle closes 07:00 UTC
2026-07-03 07:44:24,058 [INFO]   [WAIT] Waiting for 12:00 PM IST candle to close | Now=09:14 IST | Candle closes 07:00 UTC
2026-07-03 07:44:54,069 [INFO]   [WAIT] Waiting for 12:00 PM IST candle to close | Now=09:14 IST | Candle closes 07:00 UTC
2026-07-03 07:45:24,080 [INFO]   [WAIT] Waiting for 12:00 PM IST candle to close | Now=09:15 IST | Candle closes 07:00 UTC
2026-07-03 07:45:54,085 [INFO]   [WAIT] Waiting for 12:00 PM IST candle to close | Now=09:15 IST | Candle closes 07:00 UTC
2026-07-03 07:46:24,095 [INFO]   [WAIT] Waiting for 12:00 PM IST candle to close | Now=09:16 IST | Candle closes 07:00 UTC
2026-07-03 07:46:54,106 [INFO]   [WAIT] Waiting for 12:00 PM IST candle to close | Now=09:16 IST | Candle closes 07:00 UTC
2026-07-03 07:47:24,117 [INFO]   [WAIT] Waiting for 12:00 PM IST candle to close | Now=09:17 IST | Candle closes 07:00 UTC
2026-07-03 07:47:54,128 [INFO]   [WAIT] Waiting for 12:00 PM IST candle to close | Now=09:17 IST | Candle closes 07:00 UTC
2026-07-03 07:48:24,139 [INFO]   [WAIT] Waiting for 12:00 PM IST candle to close | Now=09:18 IST | Candle closes 07:00 UTC
2026-07-03 07:48:54,150 [INFO]   [WAIT] Waiting for 12:00 PM IST candle to close | Now=09:18 IST | Candle closes 07:00 UTC
2026-07-03 07:49:24,161 [INFO]   [WAIT] Waiting for 12:00 PM IST candle to close | Now=09:19 IST | Candle closes 07:00 UTC
2026-07-03 07:49:54,172 [INFO]   [WAIT] Waiting for 12:00 PM IST candle to close | Now=09:19 IST | Candle closes 07:00 UTC
2026-07-03 07:50:24,183 [INFO]   [WAIT] Waiting for 12:00 PM IST candle to close | Now=09:20 IST | Candle closes 07:00 UTC
2026-07-03 07:50:54,194 [INFO]   [WAIT] Waiting for 12:00 PM IST candle to close | Now=09:20 IST | Candle closes 07:00 UTC
2026-07-03 07:51:24,199 [INFO]   [WAIT] Waiting for 12:00 PM IST candle to close | Now=09:21 IST | Candle closes 07:00 UTC
2026-07-03 07:51:54,210 [INFO]   [WAIT] Waiting for 12:00 PM IST candle to close | Now=09:21 IST | Candle closes 07:00 UTC
2026-07-03 07:52:24,214 [INFO]   [WAIT] Waiting for 12:00 PM IST candle to close | Now=09:22 IST | Candle closes 07:00 UTC
2026-07-03 07:52:54,222 [INFO]   [WAIT] Waiting for 12:00 PM IST candle to close | Now=09:22 IST | Candle closes 07:00 UTC
2026-07-03 07:53:24,233 [INFO]   [WAIT] Waiting for 12:00 PM IST candle to close | Now=09:23 IST | Candle closes 07:00 UTC
2026-07-03 07:53:54,244 [INFO]   [WAIT] Waiting for 12:00 PM IST candle to close | Now=09:23 IST | Candle closes 07:00 UTC
2026-07-03 07:54:24,245 [INFO]   [WAIT] Waiting for 12:00 PM IST candle to close | Now=09:24 IST | Candle closes 07:00 UTC
2026-07-03 07:54:54,256 [INFO]   [WAIT] Waiting for 12:00 PM IST candle to close | Now=09:24 IST | Candle closes 07:00 UTC
2026-07-03 07:55:24,258 [INFO]   [WAIT] Waiting for 12:00 PM IST candle to close | Now=09:25 IST | Candle closes 07:00 UTC
2026-07-03 07:55:54,269 [INFO]   [WAIT] Waiting for 12:00 PM IST candle to close | Now=09:25 IST | Candle closes 07:00 UTC
2026-07-03 07:56:24,280 [INFO]   [WAIT] Waiting for 12:00 PM IST candle to close | Now=09:26 IST | Candle closes 07:00 UTC
2026-07-03 07:56:54,291 [INFO]   [WAIT] Waiting for 12:00 PM IST candle to close | Now=09:26 IST | Candle closes 07:00 UTC
2026-07-03 07:57:24,293 [INFO]   [WAIT] Waiting for 12:00 PM IST candle to close | Now=09:27 IST | Candle closes 07:00 UTC
2026-07-03 07:57:54,304 [INFO]   [WAIT] Waiting for 12:00 PM IST candle to close | Now=09:27 IST | Candle closes 07:00 UTC
2026-07-03 07:58:24,315 [INFO]   [WAIT] Waiting for 12:00 PM IST candle to close | Now=09:28 IST | Candle closes 07:00 UTC
2026-07-03 07:58:54,326 [INFO]   [WAIT] Waiting for 12:00 PM IST candle to close | Now=09:28 IST | Candle closes 07:00 UTC
2026-07-03 07:59:24,337 [INFO]   [WAIT] Waiting for 12:00 PM IST candle to close | Now=09:29 IST | Candle closes 07:00 UTC
2026-07-03 07:59:54,348 [INFO]   [WAIT] Waiting for 12:00 PM IST candle to close | Now=09:29 IST | Candle closes 07:00 UTC
2026-07-03 08:00:24,354 [INFO]   [WAIT] Waiting for 12:00 PM IST candle to close | Now=09:30 IST | Candle closes 07:00 UTC
2026-07-03 08:00:54,365 [INFO]   [WAIT] Waiting for 12:00 PM IST candle to close | Now=09:30 IST | Candle closes 07:00 UTC
2026-07-03 08:01:24,376 [INFO]   [WAIT] Waiting for 12:00 PM IST candle to close | Now=09:31 IST | Candle closes 07:00 UTC
2026-07-03 08:01:54,387 [INFO]   [WAIT] Waiting for 12:00 PM IST candle to close | Now=09:31 IST | Candle closes 07:00 UTC
2026-07-03 08:02:24,398 [INFO]   [WAIT] Waiting for 12:00 PM IST candle to close | Now=09:32 IST | Candle closes 07:00 UTC
2026-07-03 08:02:54,399 [INFO]   [WAIT] Waiting for 12:00 PM IST candle to close | Now=09:32 IST | Candle closes 07:00 UTC
2026-07-03 08:03:24,410 [INFO]   [WAIT] Waiting for 12:00 PM IST candle to close | Now=09:33 IST | Candle closes 07:00 UTC
2026-07-03 08:03:54,414 [INFO]   [WAIT] Waiting for 12:00 PM IST candle to close | Now=09:33 IST | Candle closes 07:00 UTC
2026-07-03 08:04:24,425 [INFO]   [WAIT] Waiting for 12:00 PM IST candle to close | Now=09:34 IST | Candle closes 07:00 UTC
2026-07-03 08:04:54,435 [INFO]   [WAIT] Waiting for 12:00 PM IST candle to close | Now=09:34 IST | Candle closes 07:00 UTC
2026-07-03 08:05:24,446 [INFO]   [WAIT] Waiting for 12:00 PM IST candle to close | Now=09:35 IST | Candle closes 07:00 UTC
2026-07-03 08:05:54,452 [INFO]   [WAIT] Waiting for 12:00 PM IST candle to close | Now=09:35 IST | Candle closes 07:00 UTC
2026-07-03 08:06:24,463 [INFO]   [WAIT] Waiting for 12:00 PM IST candle to close | Now=09:36 IST | Candle closes 07:00 UTC
2026-07-03 08:06:54,474 [INFO]   [WAIT] Waiting for 12:00 PM IST candle to close | Now=09:36 IST | Candle closes 07:00 UTC
2026-07-03 08:07:24,485 [INFO]   [WAIT] Waiting for 12:00 PM IST candle to close | Now=09:37 IST | Candle closes 07:00 UTC
2026-07-03 08:07:54,496 [INFO]   [WAIT] Waiting for 12:00 PM IST candle to close | Now=09:37 IST | Candle closes 07:00 UTC
2026-07-03 08:08:24,504 [INFO]   [WAIT] Waiting for 12:00 PM IST candle to close | Now=09:38 IST | Candle closes 07:00 UTC
2026-07-03 08:08:54,515 [INFO]   [WAIT] Waiting for 12:00 PM IST candle to close | Now=09:38 IST | Candle closes 07:00 UTC
2026-07-03 08:09:24,525 [INFO]   [WAIT] Waiting for 12:00 PM IST candle to close | Now=09:39 IST | Candle closes 07:00 UTC
2026-07-03 08:09:54,536 [INFO]   [WAIT] Waiting for 12:00 PM IST candle to close | Now=09:39 IST | Candle closes 07:00 UTC
2026-07-03 08:10:24,542 [INFO]   [WAIT] Waiting for 12:00 PM IST candle to close | Now=09:40 IST | Candle closes 07:00 UTC
2026-07-03 08:10:54,553 [INFO]   [WAIT] Waiting for 12:00 PM IST candle to close | Now=09:40 IST | Candle closes 07:00 UTC
2026-07-03 08:11:24,564 [INFO]   [WAIT] Waiting for 12:00 PM IST candle to close | Now=09:41 IST | Candle closes 07:00 UTC
2026-07-03 08:11:54,574 [INFO]   [WAIT] Waiting for 12:00 PM IST candle to close | Now=09:41 IST | Candle closes 07:00 UTC
2026-07-03 08:12:24,585 [INFO]   [WAIT] Waiting for 12:00 PM IST candle to close | Now=09:42 IST | Candle closes 07:00 UTC
2026-07-03 08:12:54,587 [INFO]   [WAIT] Waiting for 12:00 PM IST candle to close | Now=09:42 IST | Candle closes 07:00 UTC
2026-07-03 08:13:24,598 [INFO]   [WAIT] Waiting for 12:00 PM IST candle to close | Now=09:43 IST | Candle closes 07:00 UTC
2026-07-03 08:13:54,609 [INFO]   [WAIT] Waiting for 12:00 PM IST candle to close | Now=09:43 IST | Candle closes 07:00 UTC
2026-07-03 08:14:24,620 [INFO]   [WAIT] Waiting for 12:00 PM IST candle to close | Now=09:44 IST | Candle closes 07:00 UTC
2026-07-03 08:14:54,626 [INFO]   [WAIT] Waiting for 12:00 PM IST candle to close | Now=09:44 IST | Candle closes 07:00 UTC
2026-07-03 08:15:24,637 [INFO]   [WAIT] Waiting for 12:00 PM IST candle to close | Now=09:45 IST | Candle closes 07:00 UTC
2026-07-03 08:15:54,648 [INFO]   [WAIT] Waiting for 12:00 PM IST candle to close | Now=09:45 IST | Candle closes 07:00 UTC
2026-07-03 08:16:24,659 [INFO]   [WAIT] Waiting for 12:00 PM IST candle to close | Now=09:46 IST | Candle closes 07:00 UTC
2026-07-03 08:16:54,670 [INFO]   [WAIT] Waiting for 12:00 PM IST candle to close | Now=09:46 IST | Candle closes 07:00 UTC
2026-07-03 08:17:24,677 [INFO]   [WAIT] Waiting for 12:00 PM IST candle to close | Now=09:47 IST | Candle closes 07:00 UTC
2026-07-03 08:17:54,688 [INFO]   [WAIT] Waiting for 12:00 PM IST candle to close | Now=09:47 IST | Candle closes 07:00 UTC
2026-07-03 08:18:24,699 [INFO]   [WAIT] Waiting for 12:00 PM IST candle to close | Now=09:48 IST | Candle closes 07:00 UTC
2026-07-03 08:18:54,710 [INFO]   [WAIT] Waiting for 12:00 PM IST candle to close | Now=09:48 IST | Candle closes 07:00 UTC
2026-07-03 08:19:24,716 [INFO]   [WAIT] Waiting for 12:00 PM IST candle to close | Now=09:49 IST | Candle closes 07:00 UTC
2026-07-03 08:19:54,721 [INFO]   [WAIT] Waiting for 12:00 PM IST candle to close | Now=09:49 IST | Candle closes 07:00 UTC
2026-07-03 08:20:24,727 [INFO]   [WAIT] Waiting for 12:00 PM IST candle to close | Now=09:50 IST | Candle closes 07:00 UTC
2026-07-03 08:20:54,729 [INFO]   [WAIT] Waiting for 12:00 PM IST candle to close | Now=09:50 IST | Candle closes 07:00 UTC
2026-07-03 08:21:24,732 [INFO]   [WAIT] Waiting for 12:00 PM IST candle to close | Now=09:51 IST | Candle closes 07:00 UTC
2026-07-03 08:21:54,733 [INFO]   [WAIT] Waiting for 12:00 PM IST candle to close | Now=09:51 IST | Candle closes 07:00 UTC
2026-07-03 08:22:24,743 [INFO]   [WAIT] Waiting for 12:00 PM IST candle to close | Now=09:52 IST | Candle closes 07:00 UTC
2026-07-03 08:22:54,754 [INFO]   [WAIT] Waiting for 12:00 PM IST candle to close | Now=09:52 IST | Candle closes 07:00 UTC
2026-07-03 08:23:24,765 [INFO]   [WAIT] Waiting for 12:00 PM IST candle to close | Now=09:53 IST | Candle closes 07:00 UTC
2026-07-03 08:23:54,776 [INFO]   [WAIT] Waiting for 12:00 PM IST candle to close | Now=09:53 IST | Candle closes 07:00 UTC
2026-07-03 08:24:24,779 [INFO]   [WAIT] Waiting for 12:00 PM IST candle to close | Now=09:54 IST | Candle closes 07:00 UTC
2026-07-03 08:24:54,790 [INFO]   [WAIT] Waiting for 12:00 PM IST candle to close | Now=09:54 IST | Candle closes 07:00 UTC
2026-07-03 08:25:24,793 [INFO]   [WAIT] Waiting for 12:00 PM IST candle to close | Now=09:55 IST | Candle closes 07:00 UTC
2026-07-03 08:25:54,803 [INFO]   [WAIT] Waiting for 12:00 PM IST candle to close | Now=09:55 IST | Candle closes 07:00 UTC
2026-07-03 08:26:24,810 [INFO]   [WAIT] Waiting for 12:00 PM IST candle to close | Now=09:56 IST | Candle closes 07:00 UTC
2026-07-03 08:26:54,821 [INFO]   [WAIT] Waiting for 12:00 PM IST candle to close | Now=09:56 IST | Candle closes 07:00 UTC
2026-07-03 08:27:24,832 [INFO]   [WAIT] Waiting for 12:00 PM IST candle to close | Now=09:57 IST | Candle closes 07:00 UTC
2026-07-03 08:27:54,842 [INFO]   [WAIT] Waiting for 12:00 PM IST candle to close | Now=09:57 IST | Candle closes 07:00 UTC
2026-07-03 08:28:24,848 [INFO]   [WAIT] Waiting for 12:00 PM IST candle to close | Now=09:58 IST | Candle closes 07:00 UTC
2026-07-03 08:28:54,859 [INFO]   [WAIT] Waiting for 12:00 PM IST candle to close | Now=09:58 IST | Candle closes 07:00 UTC
2026-07-03 08:29:24,866 [INFO]   [WAIT] Waiting for 12:00 PM IST candle to close | Now=09:59 IST | Candle closes 07:00 UTC
2026-07-03 08:29:54,877 [INFO]   [WAIT] Waiting for 12:00 PM IST candle to close | Now=09:59 IST | Candle closes 07:00 UTC
2026-07-03 08:30:24,884 [INFO]   [WAIT] Waiting for 12:00 PM IST candle to close | Now=10:00 IST | Candle closes 07:00 UTC
2026-07-03 08:30:54,890 [INFO]   [WAIT] Waiting for 12:00 PM IST candle to close | Now=10:00 IST | Candle closes 07:00 UTC
2026-07-03 08:31:24,901 [INFO]   [WAIT] Waiting for 12:00 PM IST candle to close | Now=10:01 IST | Candle closes 07:00 UTC
2026-07-03 08:31:54,913 [INFO]   [WAIT] Waiting for 12:00 PM IST candle to close | Now=10:01 IST | Candle closes 07:00 UTC
2026-07-03 08:32:24,924 [INFO]   [WAIT] Waiting for 12:00 PM IST candle to close | Now=10:02 IST | Candle closes 07:00 UTC
2026-07-03 08:32:54,934 [INFO]   [WAIT] Waiting for 12:00 PM IST candle to close | Now=10:02 IST | Candle closes 07:00 UTC
2026-07-03 08:33:24,937 [INFO]   [WAIT] Waiting for 12:00 PM IST candle to close | Now=10:03 IST | Candle closes 07:00 UTC
2026-07-03 08:33:54,949 [INFO]   [WAIT] Waiting for 12:00 PM IST candle to close | Now=10:03 IST | Candle closes 07:00 UTC
2026-07-03 08:34:24,956 [INFO]   [WAIT] Waiting for 12:00 PM IST candle to close | Now=10:04 IST | Candle closes 07:00 UTC
2026-07-03 08:34:54,967 [INFO]   [WAIT] Waiting for 12:00 PM IST candle to close | Now=10:04 IST | Candle closes 07:00 UTC
2026-07-03 08:35:24,969 [INFO]   [WAIT] Waiting for 12:00 PM IST candle to close | Now=10:05 IST | Candle closes 07:00 UTC
2026-07-03 08:35:54,980 [INFO]   [WAIT] Waiting for 12:00 PM IST candle to close | Now=10:05 IST | Candle closes 07:00 UTC
2026-07-03 08:36:24,991 [INFO]   [WAIT] Waiting for 12:00 PM IST candle to close | Now=10:06 IST | Candle closes 07:00 UTC
2026-07-03 08:36:55,002 [INFO]   [WAIT] Waiting for 12:00 PM IST candle to close | Now=10:06 IST | Candle closes 07:00 UTC
2026-07-03 08:37:25,010 [INFO]   [WAIT] Waiting for 12:00 PM IST candle to close | Now=10:07 IST | Candle closes 07:00 UTC
2026-07-03 08:37:55,020 [INFO]   [WAIT] Waiting for 12:00 PM IST candle to close | Now=10:07 IST | Candle closes 07:00 UTC
2026-07-03 08:38:25,030 [INFO]   [WAIT] Waiting for 12:00 PM IST candle to close | Now=10:08 IST | Candle closes 07:00 UTC
2026-07-03 08:38:55,041 [INFO]   [WAIT] Waiting for 12:00 PM IST candle to close | Now=10:08 IST | Candle closes 07:00 UTC
2026-07-03 08:39:25,052 [INFO]   [WAIT] Waiting for 12:00 PM IST candle to close | Now=10:09 IST | Candle closes 07:00 UTC
2026-07-03 08:39:55,063 [INFO]   [WAIT] Waiting for 12:00 PM IST candle to close | Now=10:09 IST | Candle closes 07:00 UTC
2026-07-03 08:40:25,074 [INFO]   [WAIT] Waiting for 12:00 PM IST candle to close | Now=10:10 IST | Candle closes 07:00 UTC
2026-07-03 08:40:55,085 [INFO]   [WAIT] Waiting for 12:00 PM IST candle to close | Now=10:10 IST | Candle closes 07:00 UTC
2026-07-03 08:41:25,094 [INFO]   [WAIT] Waiting for 12:00 PM IST candle to close | Now=10:11 IST | Candle closes 07:00 UTC
2026-07-03 08:41:55,095 [INFO]   [WAIT] Waiting for 12:00 PM IST candle to close | Now=10:11 IST | Candle closes 07:00 UTC
2026-07-03 08:42:25,101 [INFO]   [WAIT] Waiting for 12:00 PM IST candle to close | Now=10:12 IST | Candle closes 07:00 UTC
2026-07-03 08:42:55,112 [INFO]   [WAIT] Waiting for 12:00 PM IST candle to close | Now=10:12 IST | Candle closes 07:00 UTC
2026-07-03 08:43:25,123 [INFO]   [WAIT] Waiting for 12:00 PM IST candle to close | Now=10:13 IST | Candle closes 07:00 UTC
2026-07-03 08:43:55,131 [INFO]   [WAIT] Waiting for 12:00 PM IST candle to close | Now=10:13 IST | Candle closes 07:00 UTC
2026-07-03 08:44:25,135 [INFO]   [WAIT] Waiting for 12:00 PM IST candle to close | Now=10:14 IST | Candle closes 07:00 UTC
2026-07-03 08:44:55,143 [INFO]   [WAIT] Waiting for 12:00 PM IST candle to close | Now=10:14 IST | Candle closes 07:00 UTC
2026-07-03 08:45:25,147 [INFO]   [WAIT] Waiting for 12:00 PM IST candle to close | Now=10:15 IST | Candle closes 07:00 UTC
2026-07-03 08:45:55,151 [INFO]   [WAIT] Waiting for 12:00 PM IST candle to close | Now=10:15 IST | Candle closes 07:00 UTC
2026-07-03 08:46:25,154 [INFO]   [WAIT] Waiting for 12:00 PM IST candle to close | Now=10:16 IST | Candle closes 07:00 UTC
2026-07-03 08:46:55,164 [INFO]   [WAIT] Waiting for 12:00 PM IST candle to close | Now=10:16 IST | Candle closes 07:00 UTC
2026-07-03 08:47:25,175 [INFO]   [WAIT] Waiting for 12:00 PM IST candle to close | Now=10:17 IST | Candle closes 07:00 UTC
2026-07-03 08:47:55,186 [INFO]   [WAIT] Waiting for 12:00 PM IST candle to close | Now=10:17 IST | Candle closes 07:00 UTC
2026-07-03 08:48:25,198 [INFO]   [WAIT] Waiting for 12:00 PM IST candle to close | Now=10:18 IST | Candle closes 07:00 UTC
2026-07-03 08:48:55,206 [INFO]   [WAIT] Waiting for 12:00 PM IST candle to close | Now=10:18 IST | Candle closes 07:00 UTC
2026-07-03 08:49:25,212 [INFO]   [WAIT] Waiting for 12:00 PM IST candle to close | Now=10:19 IST | Candle closes 07:00 UTC
2026-07-03 08:49:55,223 [INFO]   [WAIT] Waiting for 12:00 PM IST candle to close | Now=10:19 IST | Candle closes 07:00 UTC
2026-07-03 08:50:25,233 [INFO]   [WAIT] Waiting for 12:00 PM IST candle to close | Now=10:20 IST | Candle closes 07:00 UTC
2026-07-03 08:50:55,244 [INFO]   [WAIT] Waiting for 12:00 PM IST candle to close | Now=10:20 IST | Candle closes 07:00 UTC
2026-07-03 08:51:25,250 [INFO]   [WAIT] Waiting for 12:00 PM IST candle to close | Now=10:21 IST | Candle closes 07:00 UTC
2026-07-03 08:51:55,261 [INFO]   [WAIT] Waiting for 12:00 PM IST candle to close | Now=10:21 IST | Candle closes 07:00 UTC
2026-07-03 08:52:25,272 [INFO]   [WAIT] Waiting for 12:00 PM IST candle to close | Now=10:22 IST | Candle closes 07:00 UTC
2026-07-03 08:52:55,275 [INFO]   [WAIT] Waiting for 12:00 PM IST candle to close | Now=10:22 IST | Candle closes 07:00 UTC
2026-07-03 08:53:25,285 [INFO]   [WAIT] Waiting for 12:00 PM IST candle to close | Now=10:23 IST | Candle closes 07:00 UTC
2026-07-03 08:53:55,288 [INFO]   [WAIT] Waiting for 12:00 PM IST candle to close | Now=10:23 IST | Candle closes 07:00 UTC
2026-07-03 08:54:25,298 [INFO]   [WAIT] Waiting for 12:00 PM IST candle to close | Now=10:24 IST | Candle closes 07:00 UTC
2026-07-03 08:54:55,303 [INFO]   [WAIT] Waiting for 12:00 PM IST candle to close | Now=10:24 IST | Candle closes 07:00 UTC
2026-07-03 08:55:25,314 [INFO]   [WAIT] Waiting for 12:00 PM IST candle to close | Now=10:25 IST | Candle closes 07:00 UTC
2026-07-03 09:13:30,629 [INFO]   [WAIT] Waiting for 12:00 PM IST candle to close | Now=10:43 IST | Candle closes 07:00 UTC
2026-07-03 09:14:00,632 [INFO]   [WAIT] Waiting for 12:00 PM IST candle to close | Now=10:44 IST | Candle closes 07:00 UTC
2026-07-03 09:14:30,635 [INFO]   [WAIT] Waiting for 12:00 PM IST candle to close | Now=10:44 IST | Candle closes 07:00 UTC
2026-07-03 09:15:00,639 [INFO]   [WAIT] Waiting for 12:00 PM IST candle to close | Now=10:45 IST | Candle closes 07:00 UTC
2026-07-03 09:15:30,645 [INFO]   [WAIT] Waiting for 12:00 PM IST candle to close | Now=10:45 IST | Candle closes 07:00 UTC
2026-07-03 09:16:00,651 [INFO]   [WAIT] Waiting for 12:00 PM IST candle to close | Now=10:46 IST | Candle closes 07:00 UTC
2026-07-03 09:16:30,656 [INFO]   [WAIT] Waiting for 12:00 PM IST candle to close | Now=10:46 IST | Candle closes 07:00 UTC
2026-07-03 09:17:00,657 [INFO]   [WAIT] Waiting for 12:00 PM IST candle to close | Now=10:47 IST | Candle closes 07:00 UTC
2026-07-03 09:17:30,663 [INFO]   [WAIT] Waiting for 12:00 PM IST candle to close | Now=10:47 IST | Candle closes 07:00 UTC
2026-07-03 09:33:26,426 [INFO]   [WAIT] Waiting for 12:00 PM IST candle to close | Now=11:03 IST | Candle closes 07:00 UTC
2026-07-03 09:49:27,314 [INFO]   [WAIT] Waiting for 12:00 PM IST candle to close | Now=11:19 IST | Candle closes 07:00 UTC
2026-07-03 09:51:36,833 [INFO]   [WAIT] Waiting for 12:00 PM IST candle to close | Now=11:21 IST | Candle closes 07:00 UTC
2026-07-03 10:02:03,804 [INFO]   [WAIT] Waiting for 12:00 PM IST candle to close | Now=11:32 IST | Candle closes 07:00 UTC
2026-07-03 10:02:33,805 [INFO]   [WAIT] Waiting for 12:00 PM IST candle to close | Now=11:32 IST | Candle closes 07:00 UTC
2026-07-03 10:03:03,810 [INFO]   [WAIT] Waiting for 12:00 PM IST candle to close | Now=11:33 IST | Candle closes 07:00 UTC
2026-07-03 10:03:33,814 [INFO]   [WAIT] Waiting for 12:00 PM IST candle to close | Now=11:33 IST | Candle closes 07:00 UTC
2026-07-03 10:04:03,817 [INFO]   [WAIT] Waiting for 12:00 PM IST candle to close | Now=11:34 IST | Candle closes 07:00 UTC
2026-07-03 10:17:14,637 [INFO]   [WAIT] Waiting for 12:00 PM IST candle to close | Now=11:47 IST | Candle closes 07:00 UTC
2026-07-03 10:17:44,644 [INFO]   [WAIT] Waiting for 12:00 PM IST candle to close | Now=11:47 IST | Candle closes 07:00 UTC
2026-07-03 10:18:14,650 [INFO]   [WAIT] Waiting for 12:00 PM IST candle to close | Now=11:48 IST | Candle closes 07:00 UTC
2026-07-03 10:18:44,655 [INFO]   [WAIT] Waiting for 12:00 PM IST candle to close | Now=11:48 IST | Candle closes 07:00 UTC
2026-07-03 10:19:14,661 [INFO]   [WAIT] Waiting for 12:00 PM IST candle to close | Now=11:49 IST | Candle closes 07:00 UTC
2026-07-03 10:35:34,638 [INFO]   [WAIT] Waiting for 12:00 PM IST candle to close | Now=12:05 IST | Candle closes 07:00 UTC
2026-07-03 10:39:14,124 [INFO]   [WAIT] Waiting for 12:00 PM IST candle to close | Now=12:09 IST | Candle closes 07:00 UTC
2026-07-03 10:39:44,130 [INFO]   [WAIT] Waiting for 12:00 PM IST candle to close | Now=12:09 IST | Candle closes 07:00 UTC
2026-07-03 10:40:14,136 [INFO]   [WAIT] Waiting for 12:00 PM IST candle to close | Now=12:10 IST | Candle closes 07:00 UTC
2026-07-03 10:40:44,142 [INFO]   [WAIT] Waiting for 12:00 PM IST candle to close | Now=12:10 IST | Candle closes 07:00 UTC
2026-07-03 10:41:14,148 [INFO]   [WAIT] Waiting for 12:00 PM IST candle to close | Now=12:11 IST | Candle closes 07:00 UTC
2026-07-03 10:41:44,154 [INFO]   [WAIT] Waiting for 12:00 PM IST candle to close | Now=12:11 IST | Candle closes 07:00 UTC
2026-07-03 10:42:14,160 [INFO]   [WAIT] Waiting for 12:00 PM IST candle to close | Now=12:12 IST | Candle closes 07:00 UTC
2026-07-03 10:42:44,165 [INFO]   [WAIT] Waiting for 12:00 PM IST candle to close | Now=12:12 IST | Candle closes 07:00 UTC
2026-07-03 10:43:14,171 [INFO]   [WAIT] Waiting for 12:00 PM IST candle to close | Now=12:13 IST | Candle closes 07:00 UTC
2026-07-03 10:43:44,178 [INFO]   [WAIT] Waiting for 12:00 PM IST candle to close | Now=12:13 IST | Candle closes 07:00 UTC
2026-07-03 10:44:14,184 [INFO]   [WAIT] Waiting for 12:00 PM IST candle to close | Now=12:14 IST | Candle closes 07:00 UTC
2026-07-03 10:44:44,190 [INFO]   [WAIT] Waiting for 12:00 PM IST candle to close | Now=12:14 IST | Candle closes 07:00 UTC
2026-07-03 10:45:14,195 [INFO]   [WAIT] Waiting for 12:00 PM IST candle to close | Now=12:15 IST | Candle closes 07:00 UTC
2026-07-03 10:45:44,201 [INFO]   [WAIT] Waiting for 12:00 PM IST candle to close | Now=12:15 IST | Candle closes 07:00 UTC
2026-07-03 10:46:14,207 [INFO]   [WAIT] Waiting for 12:00 PM IST candle to close | Now=12:16 IST | Candle closes 07:00 UTC
2026-07-03 10:46:44,213 [INFO]   [WAIT] Waiting for 12:00 PM IST candle to close | Now=12:16 IST | Candle closes 07:00 UTC
2026-07-03 10:47:14,219 [INFO]   [WAIT] Waiting for 12:00 PM IST candle to close | Now=12:17 IST | Candle closes 07:00 UTC
2026-07-03 10:47:44,221 [INFO]   [WAIT] Waiting for 12:00 PM IST candle to close | Now=12:17 IST | Candle closes 07:00 UTC
2026-07-03 10:48:14,227 [INFO]   [WAIT] Waiting for 12:00 PM IST candle to close | Now=12:18 IST | Candle closes 07:00 UTC
2026-07-03 10:48:44,233 [INFO]   [WAIT] Waiting for 12:00 PM IST candle to close | Now=12:18 IST | Candle closes 07:00 UTC
2026-07-03 10:49:14,234 [INFO]   [WAIT] Waiting for 12:00 PM IST candle to close | Now=12:19 IST | Candle closes 07:00 UTC
2026-07-03 10:49:44,240 [INFO]   [WAIT] Waiting for 12:00 PM IST candle to close | Now=12:19 IST | Candle closes 07:00 UTC
2026-07-03 10:50:48,056 [INFO]   [WAIT] Waiting for 12:00 PM IST candle to close | Now=12:20 IST | Candle closes 07:00 UTC
2026-07-03 10:51:18,057 [INFO]   [WAIT] Waiting for 12:00 PM IST candle to close | Now=12:21 IST | Candle closes 07:00 UTC
2026-07-03 10:51:48,062 [INFO]   [WAIT] Waiting for 12:00 PM IST candle to close | Now=12:21 IST | Candle closes 07:00 UTC
2026-07-03 10:52:18,064 [INFO]   [WAIT] Waiting for 12:00 PM IST candle to close | Now=12:22 IST | Candle closes 07:00 UTC
2026-07-03 10:52:48,066 [INFO]   [WAIT] Waiting for 12:00 PM IST candle to close | Now=12:22 IST | Candle closes 07:00 UTC
2026-07-03 10:53:18,068 [INFO]   [WAIT] Waiting for 12:00 PM IST candle to close | Now=12:23 IST | Candle closes 07:00 UTC
2026-07-03 10:53:48,074 [INFO]   [WAIT] Waiting for 12:00 PM IST candle to close | Now=12:23 IST | Candle closes 07:00 UTC
2026-07-03 10:54:18,080 [INFO]   [WAIT] Waiting for 12:00 PM IST candle to close | Now=12:24 IST | Candle closes 07:00 UTC
2026-07-03 10:54:48,083 [INFO]   [WAIT] Waiting for 12:00 PM IST candle to close | Now=12:24 IST | Candle closes 07:00 UTC
2026-07-03 10:55:18,084 [INFO]   [WAIT] Waiting for 12:00 PM IST candle to close | Now=12:25 IST | Candle closes 07:00 UTC
2026-07-03 10:55:48,086 [INFO]   [WAIT] Waiting for 12:00 PM IST candle to close | Now=12:25 IST | Candle closes 07:00 UTC
2026-07-03 10:56:18,093 [INFO]   [WAIT] Waiting for 12:00 PM IST candle to close | Now=12:26 IST | Candle closes 07:00 UTC
2026-07-03 10:56:48,100 [INFO]   [WAIT] Waiting for 12:00 PM IST candle to close | Now=12:26 IST | Candle closes 07:00 UTC
2026-07-03 10:57:18,105 [INFO]   [WAIT] Waiting for 12:00 PM IST candle to close | Now=12:27 IST | Candle closes 07:00 UTC
2026-07-03 10:57:48,112 [INFO]   [WAIT] Waiting for 12:00 PM IST candle to close | Now=12:27 IST | Candle closes 07:00 UTC
2026-07-03 10:58:18,115 [INFO]   [WAIT] Waiting for 12:00 PM IST candle to close | Now=12:28 IST | Candle closes 07:00 UTC
2026-07-03 10:58:48,121 [INFO]   [WAIT] Waiting for 12:00 PM IST candle to close | Now=12:28 IST | Candle closes 07:00 UTC
2026-07-03 10:59:18,126 [INFO]   [WAIT] Waiting for 12:00 PM IST candle to close | Now=12:29 IST | Candle closes 07:00 UTC
2026-07-03 10:59:48,132 [INFO]   [WAIT] Waiting for 12:00 PM IST candle to close | Now=12:29 IST | Candle closes 07:00 UTC
2026-07-03 11:00:18,138 [INFO] Session expiring soon — renewing...
2026-07-03 11:00:18,819 [INFO] Session created | Account: CFD | AccountId: 323164136898826564 | Currency: AED | Mode: LIVE
2026-07-03 11:00:19,386 [INFO]   [CANDLE] 12:00 PM IST bar: ts=2026-07-03T06:30:00 | H=25745.4 (ask=25746.9) L=25701.9 Range=43.5pts
2026-07-03 11:00:19,388 [INFO]   [CANDLE] Captured ✅ H=25745.4 (ask=25746.9) L=25701.9 Range=43.5pts
2026-07-03 11:00:19,388 [INFO]   [ORDERS] Placing breakout stop orders | BUY@25747.9 SL=25701.9 TP=25885.9 sz=0.2 | SELL@25700.9 SL=25746.9 TP=25562.9 sz=0.2
2026-07-03 11:00:19,556 [WARNING]   [ORDERS] Ask 25747.9 already at/above BUY entry 25747.9 — trying MARKET BUY
2026-07-03 11:00:19,556 [WARNING]   [MARKET FALLBACK] Placing MARKET BUY | SL=25701.9 TP=25885.9 size=0.2 | T1 BUY market
2026-07-03 11:00:19,785 [INFO] Position opened: BUY 0.2 DE40 | dealRef=o_3e33a24d-8799-4968-9a5f-dfe751a9c9a7
2026-07-03 11:00:20,542 [INFO]   [MARKET FALLBACK] ACCEPTED | dealId=07101627-0000-5552-0000-000082c70d8f
2026-07-03 11:00:20,542 [INFO]   [STOP ORDER] SELL @ 25700.9 | SL=25746.9 TP=25562.9 size=0.2 | T2 SELL pre-arm
2026-07-03 11:00:20,772 [INFO] Stop order placed: SELL 0.2 DE40 @ 25700.9 | dealRef=o_dc918e4d-5043-4ec6-9690-adec703e67ae
2026-07-03 11:00:21,481 [INFO]   [STOP ORDER] ACCEPTED | dealId=07101627-0000-5552-0000-000082c70d95
2026-07-03 11:00:21,481 [INFO]   [T2 PRE-ARM] ✅ SELL stop pre-armed (market fallback path)
2026-07-03 11:00:21,482 [INFO]   [FILL] T1 BUY market | dealId=07101627-0000-5552-0000-000082c70d8f | SL=25701.9 TP=25885.9
2026-07-03 11:00:22,190 [INFO]   [MONITOR] DE40 BUY open | P&L=+0.00
2026-07-03 11:00:52,395 [INFO]   [MONITOR] DE40 BUY open | P&L=+0.00
2026-07-03 11:01:22,889 [INFO]   [MONITOR] DE40 BUY open | P&L=+0.00
2026-07-03 11:01:53,165 [INFO]   [MONITOR] DE40 BUY open | P&L=+0.00
2026-07-03 11:02:23,670 [INFO]   [MONITOR] DE40 BUY open | P&L=+0.00
2026-07-03 11:02:54,226 [INFO]   [MONITOR] DE40 BUY open | P&L=+0.00
2026-07-03 11:03:24,452 [INFO]   [MONITOR] DE40 BUY open | P&L=+0.00
2026-07-03 11:03:54,678 [INFO]   [MONITOR] DE40 BUY open | P&L=+0.00
2026-07-03 11:04:25,238 [INFO]   [MONITOR] DE40 BUY open | P&L=+0.00
2026-07-03 11:04:55,703 [INFO]   [MONITOR] DE40 BUY open | P&L=+0.00
2026-07-03 11:05:25,949 [INFO]   [MONITOR] DE40 BUY open | P&L=+0.00
2026-07-03 11:05:56,170 [INFO]   [MONITOR] DE40 BUY open | P&L=+0.00
2026-07-03 11:06:26,707 [INFO]   [MONITOR] DE40 BUY open | P&L=+0.00
2026-07-03 11:06:56,912 [INFO]   [MONITOR] DE40 BUY open | P&L=+0.00
2026-07-03 11:07:27,140 [INFO]   [MONITOR] DE40 BUY open | P&L=+0.00
2026-07-03 11:07:57,350 [INFO]   [MONITOR] DE40 BUY open | P&L=+0.00
2026-07-03 11:08:27,580 [INFO]   [MONITOR] DE40 BUY open | P&L=+0.00
2026-07-03 11:08:57,811 [INFO]   [MONITOR] DE40 BUY open | P&L=+0.00
2026-07-03 11:09:27,814 [INFO] Session expiring soon — renewing...
2026-07-03 11:09:28,162 [INFO] Session created | Account: CFD | AccountId: 323164136898826564 | Currency: AED | Mode: LIVE
2026-07-03 11:09:28,368 [INFO]   [MONITOR] DE40 BUY open | P&L=+0.00
2026-07-03 11:09:58,596 [INFO]   [MONITOR] DE40 BUY open | P&L=+0.00
2026-07-03 11:10:28,855 [INFO]   [MONITOR] DE40 BUY open | P&L=+0.00
2026-07-03 11:10:59,091 [INFO]   [MONITOR] DE40 BUY open | P&L=+0.00
2026-07-03 11:11:29,322 [INFO]   [MONITOR] DE40 BUY open | P&L=+0.00
2026-07-03 11:11:59,545 [INFO]   [MONITOR] DE40 BUY open | P&L=+0.00
2026-07-03 11:12:29,761 [INFO]   [MONITOR] DE40 BUY open | P&L=+0.00
2026-07-03 11:12:59,968 [INFO]   [MONITOR] DE40 BUY open | P&L=+0.00
2026-07-03 11:13:30,171 [INFO]   [MONITOR] DE40 BUY open | P&L=+0.00
2026-07-03 11:14:00,390 [INFO]   [MONITOR] DE40 BUY open | P&L=+0.00
2026-07-03 11:14:30,619 [INFO]   [MONITOR] DE40 BUY open | P&L=+0.00
2026-07-03 11:15:00,905 [INFO]   [MONITOR] DE40 BUY open | P&L=+0.00
2026-07-03 11:15:31,137 [INFO]   [MONITOR] DE40 BUY open | P&L=+0.00
2026-07-03 11:16:01,671 [INFO]   [MONITOR] DE40 BUY open | P&L=+0.00
2026-07-03 11:16:32,194 [INFO]   [MONITOR] DE40 BUY open | P&L=+0.00
2026-07-03 11:17:02,572 [INFO]   [MONITOR] DE40 BUY open | P&L=+0.00
2026-07-03 11:17:32,788 [INFO]   [MONITOR] DE40 BUY open | P&L=+0.00
2026-07-03 11:18:03,016 [INFO]   [MONITOR] DE40 BUY open | P&L=+0.00
2026-07-03 11:18:33,017 [INFO] Session expiring soon — renewing...
2026-07-03 11:18:33,666 [INFO] Session created | Account: CFD | AccountId: 323164136898826564 | Currency: AED | Mode: LIVE
2026-07-03 11:18:33,875 [INFO]   [MONITOR] DE40 BUY open | P&L=+0.00
2026-07-03 11:19:04,119 [INFO]   [MONITOR] DE40 BUY open | P&L=+0.00
2026-07-03 11:19:34,335 [INFO]   [MONITOR] DE40 BUY open | P&L=+0.00
2026-07-03 11:20:04,568 [INFO]   [MONITOR] DE40 BUY open | P&L=+0.00
2026-07-03 11:20:34,837 [INFO]   [MONITOR] DE40 BUY open | P&L=+0.00
2026-07-03 11:21:05,068 [INFO]   [MONITOR] DE40 BUY open | P&L=+0.00
2026-07-03 11:21:35,279 [INFO]   [MONITOR] DE40 BUY open | P&L=+0.00
2026-07-03 11:22:05,521 [INFO]   [MONITOR] DE40 BUY open | P&L=+0.00
2026-07-03 11:22:35,749 [INFO]   [MONITOR] DE40 BUY open | P&L=+0.00
2026-07-03 11:23:06,283 [INFO]   [MONITOR] DE40 BUY open | P&L=+0.00
2026-07-03 11:23:36,499 [INFO]   [MONITOR] DE40 BUY open | P&L=+0.00
2026-07-03 11:24:06,714 [INFO]   [MONITOR] DE40 BUY open | P&L=+0.00
2026-07-03 11:24:37,003 [INFO]   [MONITOR] DE40 BUY open | P&L=+0.00
2026-07-03 11:25:07,212 [INFO]   [MONITOR] DE40 BUY open | P&L=+0.00
2026-07-03 11:25:37,743 [INFO]   [MONITOR] DE40 BUY open | P&L=+0.00
2026-07-03 11:26:07,970 [INFO]   [MONITOR] DE40 BUY open | P&L=+0.00
2026-07-03 11:26:38,195 [INFO]   [MONITOR] DE40 BUY open | P&L=+0.00
2026-07-03 11:27:08,707 [INFO]   [MONITOR] DE40 BUY open | P&L=+0.00
2026-07-03 11:27:38,714 [INFO] Session expiring soon — renewing...
2026-07-03 11:27:39,139 [INFO] Session created | Account: CFD | AccountId: 323164136898826564 | Currency: AED | Mode: LIVE
2026-07-03 11:27:39,383 [INFO]   [MONITOR] DE40 BUY open | P&L=+0.00
2026-07-03 11:28:09,880 [INFO]   [MONITOR] DE40 BUY open | P&L=+0.00
2026-07-03 11:28:40,109 [INFO]   [MONITOR] DE40 BUY open | P&L=+0.00
2026-07-03 11:29:10,353 [INFO]   [MONITOR] DE40 BUY open | P&L=+0.00
2026-07-03 11:29:40,555 [INFO]   [MONITOR] DE40 BUY open | P&L=+0.00
2026-07-03 11:30:10,768 [INFO]   [MONITOR] DE40 BUY open | P&L=+0.00
2026-07-03 11:30:41,299 [INFO]   [MONITOR] DE40 BUY open | P&L=+0.00
2026-07-03 11:31:11,541 [INFO]   [MONITOR] DE40 BUY open | P&L=+0.00
2026-07-03 11:31:41,772 [INFO]   [MONITOR] DE40 BUY open | P&L=+0.00
2026-07-03 11:32:12,012 [INFO]   [MONITOR] DE40 BUY open | P&L=+0.00
2026-07-03 11:32:42,271 [INFO]   [MONITOR] DE40 BUY open | P&L=+0.00
2026-07-03 11:33:12,513 [INFO]   [MONITOR] DE40 BUY open | P&L=+0.00
2026-07-03 11:33:43,083 [INFO]   [MONITOR] DE40 BUY open | P&L=+0.00
2026-07-03 11:34:13,292 [INFO]   [MONITOR] DE40 BUY open | P&L=+0.00
2026-07-03 11:34:43,558 [INFO]   [MONITOR] DE40 BUY open | P&L=+0.00
2026-07-03 11:38:54,832 [INFO] Session expiring soon — renewing...
2026-07-03 11:38:55,513 [INFO] Session created | Account: CFD | AccountId: 323164136898826564 | Currency: AED | Mode: LIVE
2026-07-03 11:38:55,771 [INFO]   [MONITOR] DE40 BUY open | P&L=+0.00
2026-07-03 11:39:25,990 [INFO]   [MONITOR] DE40 BUY open | P&L=+0.00
2026-07-03 11:39:56,459 [INFO]   [MONITOR] DE40 BUY open | P&L=+0.00
2026-07-03 11:40:26,678 [INFO]   [MONITOR] DE40 BUY open | P&L=+0.00
2026-07-03 11:40:56,898 [INFO]   [MONITOR] DE40 BUY open | P&L=+0.00
2026-07-03 11:41:27,397 [INFO]   [MONITOR] DE40 BUY open | P&L=+0.00
2026-07-03 11:41:57,635 [INFO]   [MONITOR] DE40 BUY open | P&L=+0.00
2026-07-03 11:42:27,860 [INFO]   [MONITOR] DE40 BUY open | P&L=+0.00
2026-07-03 11:42:58,080 [INFO]   [MONITOR] DE40 BUY open | P&L=+0.00
2026-07-03 11:43:28,288 [INFO]   [MONITOR] DE40 BUY open | P&L=+0.00
2026-07-03 11:43:58,487 [INFO]   [MONITOR] DE40 BUY open | P&L=+0.00
2026-07-03 11:44:28,705 [INFO]   [MONITOR] DE40 BUY open | P&L=+0.00
2026-07-03 11:44:58,914 [INFO]   [MONITOR] DE40 SELL open | P&L=+0.00
2026-07-03 11:45:29,147 [INFO]   [MONITOR] DE40 SELL open | P&L=+0.00
2026-07-03 11:45:59,635 [INFO]   [MONITOR] DE40 SELL open | P&L=+0.00
2026-07-03 11:46:29,860 [INFO]   [MONITOR] DE40 SELL open | P&L=+0.00
2026-07-03 11:47:00,073 [INFO]   [MONITOR] DE40 SELL open | P&L=+0.00
2026-07-03 11:47:30,914 [INFO]   [MONITOR] DE40 SELL open | P&L=+0.00
2026-07-03 11:49:39,777 [INFO] Session expiring soon — renewing...
2026-07-03 11:49:40,716 [INFO] Session created | Account: CFD | AccountId: 323164136898826564 | Currency: AED | Mode: LIVE
2026-07-03 11:49:40,922 [INFO]   [MONITOR] DE40 SELL open | P&L=+0.00
2026-07-03 11:50:11,386 [INFO]   [MONITOR] DE40 SELL open | P&L=+0.00
2026-07-03 11:50:41,607 [INFO]   [MONITOR] DE40 SELL open | P&L=+0.00
2026-07-03 11:51:12,113 [INFO]   [MONITOR] DE40 SELL open | P&L=+0.00
2026-07-03 11:51:42,611 [INFO]   [MONITOR] DE40 SELL open | P&L=+0.00
2026-07-03 11:52:12,835 [INFO]   [MONITOR] DE40 SELL open | P&L=+0.00
2026-07-03 11:52:43,070 [INFO]   [MONITOR] DE40 SELL open | P&L=+0.00
2026-07-03 11:53:13,343 [INFO]   [MONITOR] DE40 SELL open | P&L=+0.00
2026-07-03 11:53:43,575 [INFO]   [MONITOR] DE40 SELL open | P&L=+0.00
2026-07-03 11:54:13,778 [INFO]   [MONITOR] DE40 SELL open | P&L=+0.00
2026-07-03 11:54:43,983 [INFO]   [MONITOR] DE40 SELL open | P&L=+0.00
2026-07-03 11:55:14,222 [INFO]   [MONITOR] DE40 SELL open | P&L=+0.00
2026-07-03 11:55:44,727 [INFO]   [MONITOR] DE40 SELL open | P&L=+0.00
2026-07-03 11:56:14,922 [INFO]   [MONITOR] DE40 SELL open | P&L=+0.00
2026-07-03 11:56:45,120 [INFO]   [MONITOR] DE40 SELL open | P&L=+0.00
2026-07-03 11:57:15,513 [INFO]   [MONITOR] DE40 SELL open | P&L=+0.00
2026-07-03 11:57:45,972 [INFO]   [MONITOR] DE40 SELL open | P&L=+0.00
2026-07-03 11:58:16,213 [INFO]   [MONITOR] DE40 SELL open | P&L=+0.00
2026-07-03 11:58:46,220 [INFO] Session expiring soon — renewing...
2026-07-03 11:58:46,692 [INFO] Session created | Account: CFD | AccountId: 323164136898826564 | Currency: AED | Mode: LIVE
2026-07-03 11:58:46,883 [INFO]   [MONITOR] DE40 SELL open | P&L=+0.00
2026-07-03 11:59:17,098 [INFO]   [MONITOR] DE40 SELL open | P&L=+0.00
2026-07-03 11:59:47,311 [INFO]   [MONITOR] DE40 SELL open | P&L=+0.00
2026-07-03 12:00:17,553 [INFO]   [MONITOR] DE40 SELL open | P&L=+0.00
2026-07-03 12:00:47,748 [INFO]   [MONITOR] DE40 SELL open | P&L=+0.00
2026-07-03 12:01:17,965 [INFO]   [MONITOR] DE40 SELL open | P&L=+0.00
2026-07-03 12:01:48,546 [INFO]   [MONITOR] DE40 SELL open | P&L=+0.00
2026-07-03 12:02:18,773 [INFO]   [MONITOR] DE40 SELL open | P&L=+0.00
2026-07-03 12:02:48,994 [INFO]   [MONITOR] DE40 SELL open | P&L=+0.00
2026-07-03 12:03:19,209 [INFO]   [MONITOR] DE40 SELL open | P&L=+0.00
2026-07-03 12:03:49,456 [INFO]   [MONITOR] DE40 SELL open | P&L=+0.00
2026-07-03 12:04:19,994 [INFO]   [MONITOR] DE40 SELL open | P&L=+0.00
2026-07-03 12:04:50,472 [INFO]   [MONITOR] DE40 SELL open | P&L=+0.00
2026-07-03 12:05:20,695 [INFO]   [MONITOR] DE40 SELL open | P&L=+0.00
2026-07-03 12:05:50,938 [INFO]   [MONITOR] DE40 SELL open | P&L=+0.00
2026-07-03 12:06:21,176 [INFO]   [MONITOR] DE40 SELL open | P&L=+0.00
2026-07-03 12:06:51,647 [INFO]   [MONITOR] DE40 SELL open | P&L=+0.00
2026-07-03 12:07:21,859 [INFO]   [MONITOR] DE40 SELL open | P&L=+0.00
2026-07-03 12:07:51,865 [INFO] Session expiring soon — renewing...
2026-07-03 12:07:52,231 [INFO] Session created | Account: CFD | AccountId: 323164136898826564 | Currency: AED | Mode: LIVE
2026-07-03 12:07:52,423 [INFO]   [MONITOR] DE40 SELL open | P&L=+0.00
2026-07-03 12:08:22,635 [INFO]   [MONITOR] DE40 SELL open | P&L=+0.00
2026-07-03 12:08:52,864 [INFO]   [MONITOR] DE40 SELL open | P&L=+0.00
2026-07-03 12:09:23,338 [INFO]   [MONITOR] DE40 SELL open | P&L=+0.00
2026-07-03 12:09:53,835 [INFO]   [MONITOR] DE40 SELL open | P&L=+0.00
2026-07-03 12:10:24,294 [INFO]   [MONITOR] DE40 SELL open | P&L=+0.00
2026-07-03 12:10:54,524 [INFO]   [MONITOR] DE40 SELL open | P&L=+0.00
2026-07-03 12:11:24,753 [INFO]   [MONITOR] DE40 SELL open | P&L=+0.00
2026-07-03 12:11:54,967 [INFO]   [MONITOR] DE40 SELL open | P&L=+0.00
2026-07-03 12:12:25,207 [INFO]   [MONITOR] DE40 SELL open | P&L=+0.00
2026-07-03 12:12:55,650 [INFO]   [MONITOR] DE40 SELL open | P&L=+0.00
2026-07-03 12:13:25,857 [INFO]   [MONITOR] DE40 SELL open | P&L=+0.00
2026-07-03 12:13:56,078 [INFO]   [MONITOR] DE40 SELL open | P&L=+0.00
2026-07-03 12:14:26,306 [INFO]   [MONITOR] DE40 SELL open | P&L=+0.00
2026-07-03 12:14:56,515 [INFO]   [MONITOR] DE40 SELL open | P&L=+0.00
2026-07-03 12:15:26,705 [INFO]   [MONITOR] DE40 SELL open | P&L=+0.00
2026-07-03 12:15:56,924 [INFO]   [MONITOR] DE40 SELL open | P&L=+0.00
2026-07-03 12:16:27,162 [INFO]   [MONITOR] DE40 SELL open | P&L=+0.00
2026-07-03 12:16:57,165 [INFO] Session expiring soon — renewing...
2026-07-03 12:16:57,527 [INFO] Session created | Account: CFD | AccountId: 323164136898826564 | Currency: AED | Mode: LIVE
2026-07-03 12:16:57,704 [INFO]   [MONITOR] DE40 SELL open | P&L=+0.00
2026-07-03 12:17:27,941 [INFO]   [MONITOR] DE40 SELL open | P&L=+0.00
2026-07-03 12:17:58,457 [INFO]   [MONITOR] DE40 SELL open | P&L=+0.00
2026-07-03 12:18:28,704 [INFO]   [MONITOR] DE40 SELL open | P&L=+0.00
2026-07-03 12:18:59,171 [INFO]   [MONITOR] DE40 SELL open | P&L=+0.00
2026-07-03 12:19:29,410 [INFO]   [MONITOR] DE40 SELL open | P&L=+0.00
2026-07-03 12:19:59,938 [INFO]   [MONITOR] DE40 SELL open | P&L=+0.00
2026-07-03 12:20:30,488 [INFO]   [MONITOR] DE40 SELL open | P&L=+0.00
2026-07-03 12:21:00,725 [INFO]   [MONITOR] DE40 SELL open | P&L=+0.00
2026-07-03 12:21:30,958 [INFO]   [MONITOR] DE40 SELL open | P&L=+0.00
2026-07-03 12:22:01,192 [INFO]   [MONITOR] DE40 SELL open | P&L=+0.00
2026-07-03 12:22:31,419 [INFO]   [MONITOR] DE40 SELL open | P&L=+0.00
2026-07-03 12:23:01,636 [INFO]   [MONITOR] DE40 SELL open | P&L=+0.00
2026-07-03 12:23:32,181 [INFO]   [MONITOR] DE40 SELL open | P&L=+0.00
2026-07-03 12:24:02,419 [INFO]   [MONITOR] DE40 SELL open | P&L=+0.00
2026-07-03 12:24:32,956 [INFO]   [MONITOR] DE40 SELL open | P&L=+0.00
2026-07-03 12:25:03,203 [INFO]   [MONITOR] DE40 SELL open | P&L=+0.00
2026-07-03 12:25:33,718 [INFO]   [MONITOR] DE40 SELL open | P&L=+0.00
2026-07-03 12:26:03,723 [INFO] Session expiring soon — renewing...
2026-07-03 12:26:04,355 [INFO] Session created | Account: CFD | AccountId: 323164136898826564 | Currency: AED | Mode: LIVE
2026-07-03 12:26:04,554 [INFO]   [MONITOR] DE40 SELL open | P&L=+0.00
2026-07-03 12:26:34,776 [INFO]   [MONITOR] DE40 SELL open | P&L=+0.00
2026-07-03 12:27:05,276 [INFO]   [MONITOR] DE40 SELL open | P&L=+0.00
2026-07-03 12:27:35,502 [INFO]   [MONITOR] DE40 SELL open | P&L=+0.00
2026-07-03 12:28:05,697 [INFO]   [MONITOR] DE40 SELL open | P&L=+0.00
2026-07-03 12:28:35,910 [INFO]   [MONITOR] DE40 SELL open | P&L=+0.00
2026-07-03 12:29:06,418 [INFO]   [MONITOR] DE40 SELL open | P&L=+0.00
2026-07-03 12:29:36,920 [INFO]   [MONITOR] DE40 SELL open | P&L=+0.00
2026-07-03 12:30:07,118 [INFO]   [MONITOR] DE40 SELL open | P&L=+0.00
2026-07-03 12:30:37,347 [INFO]   [MONITOR] DE40 SELL open | P&L=+0.00
2026-07-03 12:31:07,567 [INFO]   [MONITOR] DE40 SELL open | P&L=+0.00
2026-07-03 12:31:37,791 [INFO]   [MONITOR] DE40 SELL open | P&L=+0.00
2026-07-03 12:32:08,009 [INFO]   [MONITOR] DE40 SELL open | P&L=+0.00
2026-07-03 12:32:38,471 [INFO]   [MONITOR] DE40 SELL open | P&L=+0.00
2026-07-03 12:37:41,826 [INFO] Session expiring soon — renewing...
2026-07-03 12:37:42,525 [INFO] Session created | Account: CFD | AccountId: 323164136898826564 | Currency: AED | Mode: LIVE
2026-07-03 12:37:42,706 [INFO]   [MONITOR] DE40 SELL open | P&L=+0.00
2026-07-03 12:38:18,159 [INFO]   [MONITOR] DE40 SELL open | P&L=+0.00
2026-07-03 12:38:48,389 [INFO]   [MONITOR] DE40 SELL open | P&L=+0.00
2026-07-03 12:39:18,857 [INFO]   [MONITOR] DE40 SELL open | P&L=+0.00
2026-07-03 12:39:49,369 [INFO]   [MONITOR] DE40 SELL open | P&L=+0.00
2026-07-03 12:40:19,913 [INFO]   [MONITOR] DE40 SELL open | P&L=+0.00
2026-07-03 12:40:50,140 [INFO]   [MONITOR] DE40 SELL open | P&L=+0.00
2026-07-03 12:41:20,644 [INFO]   [MONITOR] DE40 SELL open | P&L=+0.00
2026-07-03 12:41:51,103 [INFO]   [MONITOR] DE40 SELL open | P&L=+0.00
2026-07-03 12:42:21,325 [INFO]   [MONITOR] DE40 SELL open | P&L=+0.00
2026-07-03 12:42:51,802 [INFO]   [MONITOR] DE40 SELL open | P&L=+0.00
2026-07-03 12:43:22,266 [INFO]   [MONITOR] DE40 SELL open | P&L=+0.00
2026-07-03 12:43:52,759 [INFO]   [MONITOR] DE40 SELL open | P&L=+0.00
2026-07-03 12:44:23,260 [INFO]   [MONITOR] DE40 SELL open | P&L=+0.00
2026-07-03 12:44:53,754 [INFO]   [MONITOR] DE40 SELL open | P&L=+0.00
2026-07-03 12:45:24,234 [INFO]   [MONITOR] DE40 SELL open | P&L=+0.00
2026-07-03 12:45:54,721 [INFO]   [MONITOR] DE40 SELL open | P&L=+0.00
2026-07-03 12:46:25,281 [INFO]   [MONITOR] DE40 SELL open | P&L=+0.00
2026-07-03 12:46:55,283 [INFO] Session expiring soon — renewing...
2026-07-03 12:46:55,640 [INFO] Session created | Account: CFD | AccountId: 323164136898826564 | Currency: AED | Mode: LIVE
2026-07-03 12:46:55,832 [INFO]   [MONITOR] DE40 SELL open | P&L=+0.00
2026-07-03 12:47:26,418 [INFO]   [MONITOR] DE40 SELL open | P&L=+0.00
2026-07-03 12:47:56,911 [INFO]   [MONITOR] DE40 SELL open | P&L=+0.00
2026-07-03 12:48:27,461 [INFO]   [MONITOR] DE40 SELL open | P&L=+0.00
2026-07-03 12:48:57,936 [INFO]   [MONITOR] DE40 SELL open | P&L=+0.00
2026-07-03 12:49:28,160 [INFO]   [MONITOR] DE40 SELL open | P&L=+0.00
2026-07-03 12:49:58,657 [INFO]   [MONITOR] DE40 SELL open | P&L=+0.00
2026-07-03 12:50:28,906 [INFO]   [MONITOR] DE40 SELL open | P&L=+0.00
2026-07-03 12:50:59,127 [INFO]   [MONITOR] DE40 SELL open | P&L=+0.00
2026-07-03 12:51:29,354 [INFO]   [MONITOR] DE40 SELL open | P&L=+0.00
2026-07-03 12:51:59,575 [INFO]   [MONITOR] DE40 SELL open | P&L=+0.00
2026-07-03 12:52:29,810 [INFO]   [MONITOR] DE40 SELL open | P&L=+0.00
2026-07-03 12:53:00,553 [INFO]   [MONITOR] DE40 SELL open | P&L=+0.00
2026-07-03 12:53:30,768 [INFO]   [MONITOR] DE40 SELL open | P&L=+0.00
2026-07-03 12:54:00,967 [INFO]   [MONITOR] DE40 SELL open | P&L=+0.00
2026-07-03 12:54:31,162 [INFO]   [MONITOR] DE40 SELL open | P&L=+0.00
2026-07-03 12:55:01,387 [INFO]   [MONITOR] DE40 SELL open | P&L=+0.00
2026-07-03 12:55:31,610 [INFO]   [MONITOR] DE40 SELL open | P&L=+0.00
2026-07-03 12:56:01,612 [INFO] Session expiring soon — renewing...
2026-07-03 12:56:02,246 [INFO] Session created | Account: CFD | AccountId: 323164136898826564 | Currency: AED | Mode: LIVE
2026-07-03 12:56:02,447 [INFO]   [MONITOR] DE40 SELL open | P&L=+0.00
2026-07-03 12:56:32,726 [INFO]   [MONITOR] DE40 SELL open | P&L=+0.00
2026-07-03 12:57:02,971 [INFO]   [MONITOR] DE40 SELL open | P&L=+0.00
2026-07-03 12:57:33,210 [INFO]   [MONITOR] DE40 SELL open | P&L=+0.00
2026-07-03 12:58:03,728 [INFO]   [MONITOR] DE40 SELL open | P&L=+0.00
2026-07-03 12:58:34,200 [INFO]   [MONITOR] DE40 SELL open | P&L=+0.00
2026-07-03 12:59:04,444 [INFO]   [MONITOR] DE40 SELL open | P&L=+0.00
2026-07-03 12:59:34,672 [INFO]   [MONITOR] DE40 SELL open | P&L=+0.00
2026-07-03 13:00:04,940 [INFO]   [MONITOR] DE40 SELL open | P&L=+0.00
2026-07-03 13:00:35,463 [INFO]   [MONITOR] DE40 SELL open | P&L=+0.00
2026-07-03 13:01:05,685 [INFO]   [MONITOR] DE40 SELL open | P&L=+0.00
2026-07-03 13:01:35,907 [INFO]   [MONITOR] DE40 SELL open | P&L=+0.00
2026-07-03 13:02:06,139 [INFO]   [MONITOR] DE40 SELL open | P&L=+0.00
2026-07-03 13:02:36,483 [INFO]   [MONITOR] DE40 SELL open | P&L=+0.00
2026-07-03 13:03:06,970 [INFO]   [MONITOR] DE40 SELL open | P&L=+0.00
2026-07-03 13:03:37,186 [INFO]   [MONITOR] DE40 SELL open | P&L=+0.00
2026-07-03 13:04:07,397 [INFO]   [MONITOR] DE40 SELL open | P&L=+0.00
2026-07-03 13:04:37,617 [INFO]   [MONITOR] DE40 SELL open | P&L=+0.00
2026-07-03 13:05:07,619 [INFO] Session expiring soon — renewing...
2026-07-03 13:05:07,986 [INFO] Session created | Account: CFD | AccountId: 323164136898826564 | Currency: AED | Mode: LIVE
2026-07-03 13:05:08,165 [INFO]   [MONITOR] DE40 SELL open | P&L=+0.00
2026-07-03 13:05:38,482 [INFO]   [MONITOR] DE40 SELL open | P&L=+0.00
2026-07-03 13:06:08,699 [INFO]   [MONITOR] DE40 SELL open | P&L=+0.00
2026-07-03 13:06:39,352 [INFO]   [MONITOR] DE40 SELL open | P&L=+0.00
2026-07-03 13:07:09,569 [INFO]   [MONITOR] DE40 SELL open | P&L=+0.00
2026-07-03 13:16:30,061 [INFO] Session expiring soon — renewing...
2026-07-03 13:16:30,472 [INFO] Session created | Account: CFD | AccountId: 323164136898826564 | Currency: AED | Mode: LIVE
2026-07-03 13:16:30,681 [INFO]   [MONITOR] DE40 SELL open | P&L=+0.00
2026-07-03 13:17:01,128 [INFO]   [MONITOR] DE40 SELL open | P&L=+0.00
2026-07-03 13:17:31,349 [INFO]   [MONITOR] DE40 SELL open | P&L=+0.00
2026-07-03 13:18:01,575 [INFO]   [MONITOR] DE40 SELL open | P&L=+0.00
2026-07-03 13:18:31,789 [INFO]   [MONITOR] DE40 SELL open | P&L=+0.00
2026-07-03 13:19:01,982 [INFO]   [MONITOR] DE40 SELL open | P&L=+0.00
2026-07-03 13:19:32,199 [INFO]   [MONITOR] DE40 SELL open | P&L=+0.00
2026-07-03 13:20:02,408 [INFO]   [MONITOR] DE40 SELL open | P&L=+0.00
2026-07-03 13:20:32,620 [INFO]   [MONITOR] DE40 SELL open | P&L=+0.00
2026-07-03 13:21:02,814 [INFO]   [MONITOR] DE40 SELL open | P&L=+0.00
2026-07-03 13:21:33,308 [INFO]   [MONITOR] DE40 SELL open | P&L=+0.00
2026-07-03 13:22:03,802 [INFO]   [MONITOR] DE40 SELL open | P&L=+0.00
2026-07-03 13:22:34,299 [INFO]   [MONITOR] DE40 SELL open | P&L=+0.00
2026-07-03 13:23:04,535 [INFO]   [MONITOR] DE40 SELL open | P&L=+0.00
2026-07-03 13:23:34,745 [INFO]   [MONITOR] DE40 SELL open | P&L=+0.00
2026-07-03 13:24:05,179 [INFO]   [MONITOR] DE40 SELL open | P&L=+0.00
2026-07-03 13:24:35,653 [INFO]   [MONITOR] DE40 SELL open | P&L=+0.00
2026-07-03 13:25:05,858 [INFO]   [MONITOR] DE40 SELL open | P&L=+0.00
2026-07-03 13:25:35,865 [INFO] Session expiring soon — renewing...
2026-07-03 13:25:36,214 [INFO] Session created | Account: CFD | AccountId: 323164136898826564 | Currency: AED | Mode: LIVE
2026-07-03 13:25:36,384 [INFO]   [MONITOR] DE40 SELL open | P&L=+0.00
2026-07-03 13:26:06,618 [INFO]   [MONITOR] DE40 SELL open | P&L=+0.00
2026-07-03 13:26:36,849 [INFO]   [MONITOR] DE40 SELL open | P&L=+0.00
2026-07-03 13:27:07,081 [INFO]   [MONITOR] DE40 SELL open | P&L=+0.00
2026-07-03 13:27:37,289 [INFO]   [MONITOR] DE40 SELL open | P&L=+0.00
2026-07-03 13:28:07,505 [INFO]   [MONITOR] DE40 SELL open | P&L=+0.00
2026-07-03 13:28:37,702 [INFO]   [MONITOR] DE40 SELL open | P&L=+0.00
2026-07-03 13:29:07,947 [INFO]   [MONITOR] DE40 SELL open | P&L=+0.00
2026-07-03 13:29:38,168 [INFO]   [MONITOR] DE40 SELL open | P&L=+0.00
2026-07-03 13:30:08,722 [INFO]   [MONITOR] DE40 SELL open | P&L=+0.00
2026-07-03 13:30:38,917 [INFO]   [MONITOR] DE40 SELL open | P&L=+0.00
2026-07-03 13:31:09,175 [INFO]   [MONITOR] DE40 SELL open | P&L=+0.00
2026-07-03 13:31:39,452 [INFO]   [MONITOR] DE40 SELL open | P&L=+0.00
2026-07-03 13:32:14,180 [INFO]   [MONITOR] DE40 SELL open | P&L=+0.00
2026-07-03 13:32:44,417 [INFO]   [MONITOR] DE40 SELL open | P&L=+0.00
2026-07-03 13:33:14,893 [INFO]   [MONITOR] DE40 SELL open | P&L=+0.00
2026-07-03 13:33:45,115 [INFO]   [MONITOR] DE40 SELL open | P&L=+0.00
2026-07-03 13:34:15,348 [INFO]   [MONITOR] DE40 SELL open | P&L=+0.00
2026-07-03 13:34:45,351 [INFO] Session expiring soon — renewing...
2026-07-03 13:34:45,742 [INFO] Session created | Account: CFD | AccountId: 323164136898826564 | Currency: AED | Mode: LIVE
2026-07-03 13:34:46,024 [INFO]   [MONITOR] DE40 SELL open | P&L=+0.00
2026-07-03 13:35:16,295 [INFO]   [MONITOR] DE40 SELL open | P&L=+0.00
2026-07-03 13:37:23,163 [INFO]   [MONITOR] DE40 SELL open | P&L=+0.00
2026-07-03 13:37:53,661 [INFO]   [MONITOR] DE40 SELL open | P&L=+0.00
2026-07-03 13:38:23,868 [INFO]   [MONITOR] DE40 SELL open | P&L=+0.00
2026-07-03 13:38:54,474 [INFO]   [MONITOR] DE40 SELL open | P&L=+0.00
2026-07-03 13:39:24,976 [INFO]   [MONITOR] DE40 SELL open | P&L=+0.00
2026-07-03 13:39:55,421 [INFO]   [MONITOR] DE40 SELL open | P&L=+0.00
2026-07-03 13:40:26,249 [INFO]   [MONITOR] DE40 SELL open | P&L=+0.00
2026-07-03 13:40:56,547 [INFO]   [MONITOR] DE40 SELL open | P&L=+0.00
2026-07-03 13:41:26,812 [INFO]   [MONITOR] DE40 SELL open | P&L=+0.00
2026-07-03 13:41:57,052 [INFO]   [MONITOR] DE40 SELL open | P&L=+0.00
2026-07-03 13:42:27,261 [INFO]   [MONITOR] DE40 SELL open | P&L=+0.00
2026-07-03 13:42:57,524 [INFO]   [MONITOR] DE40 SELL open | P&L=+0.00
2026-07-03 13:43:27,758 [INFO]   [MONITOR] DE40 SELL open | P&L=+0.00
2026-07-03 13:43:57,760 [INFO] Session expiring soon — renewing...
2026-07-03 13:43:58,123 [INFO] Session created | Account: CFD | AccountId: 323164136898826564 | Currency: AED | Mode: LIVE
2026-07-03 13:43:58,331 [INFO]   [MONITOR] DE40 SELL open | P&L=+0.00
2026-07-03 13:44:28,839 [INFO]   [MONITOR] DE40 SELL open | P&L=+0.00
2026-07-03 13:44:59,076 [INFO]   [MONITOR] DE40 SELL open | P&L=+0.00
2026-07-03 13:45:29,297 [INFO]   [MONITOR] DE40 SELL open | P&L=+0.00
2026-07-03 13:45:59,521 [INFO]   [MONITOR] DE40 SELL open | P&L=+0.00
2026-07-03 13:46:29,729 [INFO]   [MONITOR] DE40 SELL open | P&L=+0.00
2026-07-03 13:46:59,940 [INFO]   [MONITOR] DE40 SELL open | P&L=+0.00
2026-07-03 13:47:30,454 [INFO]   [MONITOR] DE40 SELL open | P&L=+0.00
2026-07-03 13:48:00,964 [INFO]   [MONITOR] DE40 SELL open | P&L=+0.00
2026-07-03 13:48:31,194 [INFO]   [MONITOR] DE40 SELL open | P&L=+0.00
2026-07-03 13:49:01,682 [INFO]   [MONITOR] DE40 SELL open | P&L=+0.00
2026-07-03 13:53:32,287 [INFO] Session expiring soon — renewing...
2026-07-03 13:53:38,140 [INFO] Session created | Account: CFD | AccountId: 323164136898826564 | Currency: AED | Mode: LIVE
2026-07-03 13:53:38,334 [INFO]   [MONITOR] DE40 SELL open | P&L=+0.00
2026-07-03 13:54:08,858 [INFO]   [MONITOR] DE40 SELL open | P&L=+0.00
2026-07-03 13:54:39,066 [INFO]   [MONITOR] DE40 SELL open | P&L=+0.00
2026-07-03 13:55:09,297 [INFO]   [MONITOR] DE40 SELL open | P&L=+0.00
2026-07-03 13:55:39,750 [INFO]   [MONITOR] DE40 SELL open | P&L=+0.00
2026-07-03 13:56:09,996 [INFO]   [MONITOR] DE40 SELL open | P&L=+0.00
2026-07-03 13:56:40,215 [INFO]   [MONITOR] DE40 SELL open | P&L=+0.00
2026-07-03 13:57:10,430 [INFO]   [MONITOR] DE40 SELL open | P&L=+0.00
2026-07-03 13:57:40,641 [INFO]   [MONITOR] DE40 SELL open | P&L=+0.00
2026-07-03 13:58:11,136 [INFO]   [MONITOR] DE40 SELL open | P&L=+0.00
2026-07-03 13:58:41,362 [INFO]   [MONITOR] DE40 SELL open | P&L=+0.00
2026-07-03 13:59:11,598 [INFO]   [MONITOR] DE40 SELL open | P&L=+0.00
2026-07-03 13:59:42,088 [INFO]   [MONITOR] DE40 SELL open | P&L=+0.00
2026-07-03 14:00:12,311 [INFO]   [MONITOR] DE40 SELL open | P&L=+0.00
2026-07-03 14:00:42,544 [INFO]   [MONITOR] DE40 SELL open | P&L=+0.00
2026-07-03 14:01:12,777 [INFO]   [MONITOR] DE40 SELL open | P&L=+0.00
2026-07-03 14:01:43,249 [INFO]   [MONITOR] DE40 SELL open | P&L=+0.00
2026-07-03 14:02:13,747 [INFO]   [MONITOR] DE40 SELL open | P&L=+0.00
2026-07-03 14:02:43,753 [INFO] Session expiring soon — renewing...
2026-07-03 14:02:44,369 [INFO] Session created | Account: CFD | AccountId: 323164136898826564 | Currency: AED | Mode: LIVE
2026-07-03 14:02:44,574 [INFO]   [MONITOR] DE40 SELL open | P&L=+0.00
2026-07-03 14:03:14,799 [INFO]   [MONITOR] DE40 SELL open | P&L=+0.00
2026-07-03 14:03:45,269 [INFO]   [MONITOR] DE40 SELL open | P&L=+0.00
2026-07-03 14:04:15,498 [INFO]   [MONITOR] DE40 SELL open | P&L=+0.00
2026-07-03 14:04:45,994 [INFO]   [MONITOR] DE40 SELL open | P&L=+0.00
2026-07-03 14:05:16,502 [INFO]   [MONITOR] DE40 SELL open | P&L=+0.00
2026-07-03 14:05:46,998 [INFO]   [MONITOR] DE40 SELL open | P&L=+0.00
2026-07-03 14:06:17,462 [INFO]   [MONITOR] DE40 SELL open | P&L=+0.00
2026-07-03 14:06:47,689 [INFO]   [MONITOR] DE40 SELL open | P&L=+0.00
2026-07-03 14:07:17,904 [INFO]   [MONITOR] DE40 SELL open | P&L=+0.00
2026-07-03 14:07:48,407 [INFO]   [MONITOR] DE40 SELL open | P&L=+0.00
2026-07-03 14:08:18,876 [INFO]   [MONITOR] DE40 SELL open | P&L=+0.00
2026-07-03 14:08:49,352 [INFO]   [MONITOR] DE40 SELL open | P&L=+0.00
2026-07-03 14:09:19,824 [INFO]   [MONITOR] DE40 SELL open | P&L=+0.00
2026-07-03 14:09:50,323 [INFO]   [MONITOR] DE40 SELL open | P&L=+0.00
2026-07-03 14:10:20,555 [INFO]   [MONITOR] DE40 SELL open | P&L=+0.00
2026-07-03 14:10:51,033 [INFO]   [MONITOR] DE40 SELL open | P&L=+0.00
2026-07-03 14:11:21,254 [INFO]   [MONITOR] DE40 SELL open | P&L=+0.00
2026-07-03 14:11:51,261 [INFO] Session expiring soon — renewing...
2026-07-03 14:11:51,896 [INFO] Session created | Account: CFD | AccountId: 323164136898826564 | Currency: AED | Mode: LIVE
2026-07-03 14:11:52,097 [INFO]   [MONITOR] DE40 SELL open | P&L=+0.00
2026-07-03 14:12:22,586 [INFO]   [MONITOR] DE40 SELL open | P&L=+0.00
2026-07-03 14:12:53,082 [INFO]   [MONITOR] DE40 SELL open | P&L=+0.00
2026-07-03 14:13:23,582 [INFO]   [MONITOR] DE40 SELL open | P&L=+0.00
2026-07-03 14:13:54,054 [INFO]   [MONITOR] DE40 SELL open | P&L=+0.00
2026-07-03 14:14:24,555 [INFO]   [MONITOR] DE40 SELL open | P&L=+0.00
2026-07-03 14:14:55,060 [INFO]   [MONITOR] DE40 SELL open | P&L=+0.00
2026-07-03 14:15:25,550 [INFO]   [MONITOR] DE40 SELL open | P&L=+0.00
2026-07-03 14:15:56,025 [INFO]   [MONITOR] Position closed by Capital.com
2026-07-03 14:15:56,195 [INFO]   [RESULT] T1 SL hit — T2 stop already pre-armed ✅
2026-07-03 14:15:56,555 [INFO]   [RESULT] T2 SELL filled & closed before detection — SL ❌ — done for day
